PLANT_ID,PAN_LEN_TX2,PRIM_BN_TX2,SEC_BN_TX2,SEC_LN_TX2,PAN_LEN_MO,PRIM_BN_MO,SEC_BN_MO,SEC_LN_MO,PAN_LEN_MI,PRIM_BN_MI,SEC_BN_MI,SEC_LN_MI
J600.B,-3.105634117646379,-0.7950418617626046,0.5880747480358892,-2.965703036135037,-0.5553052655263954,1.0543575879185987,0.28128755325631044,-1.0404469375925471,1.898622642663618,1.189764852406521,0.20716032839167345,-0.8910889912350693
AP13,7.647519468973149,8.234250883625455,3.726237441065939,4.794805020823676,12.602765902283535,9.604764133744832,2.8436445783385036,6.972176782935338,9.379530965585433,8.700434748413885,2.0141573949788794,3.4525634110510612
J194.A,20.866415878202687,2.7692837290171846,4.623871698298639,1.1764651882180157,33.509231349193136,2.987437115182731,3.635413594671727,13.736970768780496,38.57936194139861,3.09879068459527,4.578651786910761,14.62115464945518
J522.A,-9.92694915711562,-5.655485849189585,-0.653708928968032,-2.623117694271252,-5.358875866496058,-3.778341230241732,-1.8531562912807737,-0.5569322478134691,-5.058069293303367,-7.400851392442844,-1.8328690189172336,-2.790547396217549
J272.A,20.95521827119529,7.244788699991973,2.216395693294974,2.890891105691244,9.146023595255476,2.0208973515506647,1.1960492009150598,5.245244029535457,9.67289944359749,2.6825447966714857,3.330833711177136,2.564995489075457
J483.C,26.778222245742693,29.0156812611229,7.417884971557465,5.256345168595836,17.46593345968006,23.6069520726668,7.294460185306727,6.1518340728712255,13.566892298899145,9.462210125224434,2.5386224396018524,0.8069117041280595
J279.A,19.014916081775326,4.065402125664382,-0.9641548482190133,0.6158709924409114,-5.924001819551317,-5.711420757505865,-3.072838488159108,-4.7272464471580085,9.64044467506785,0.566302636105875,0.06556474677803982,2.4877715317727986
J482.C,17.26086364305466,10.221964509738559,6.176101294553541,8.27732500139468,19.315151161621966,9.431035539396504,8.819062931404646,10.657586588250002,15.843627841579254,4.053303600689646,0.7900258561942175,12.088543442811876
J477.B,5.794557886232544,2.7692837290171846,4.623871698298639,2.733671287598863,2.270324499749871,5.564876484868239,8.514142382185065,2.162837882193838,1.6140306998286005,2.780619712563814,6.327248370318393,3.3970822563768928
J003.C,4.755119404027703,-3.3872786550569924,0.5880747480358892,3.0451125074750305,5.761547054180126,-4.10052115145242,-1.8531562912807737,2.9817908880071506,11.796097987925737,-3.264628756033886,0.20716032839167345,6.159930845442318
J249.B,14.304960459284656,7.629727716444165,3.6925339405456943,0.7715916023789978,13.384468243169893,7.497956012132366,1.8058902993542283,3.2507459341967637,18.43657665407604,6.916842348972768,1.6643241478980364,3.9438960396294247
J458.B,22.587985864354447,14.434349298841944,2.7611961827927547,5.225201046608218,22.552067037177363,9.431035539396504,4.85509579155006,4.429312990533265,22.294378545839542,9.462210125224425,3.41292073130567,2.67759043630777
J359.A,4.657672046321003,-3.3872786550569924,-0.653708928968032,3.605706703252135,0.512154868022411,1.0543575879185987,-2.1580768405003568,1.2562478388580702,7.274248229547193,3.09879068459527,1.081458620095491,4.69216753250131
J073.A,22.847845484905655,6.9816685181205695,4.623871698298639,8.433045611332764,20.00900024842871,13.297194593924768,2.4157313977933947,4.6710703354228045,18.65792594294771,16.46197150991651,4.287219023009484,5.555557716584253
J348.B,-13.370089129419139,-14.404285026558156,-5.620843636983723,-2.8722706701721865,-2.454756385517667,-7.644500284769997,-0.9383946436220221,1.2925114405914975,-1.895936595136554,-7.7190223644743,-2.4157345467197793,4.979964260528959
J431.B,5.534698265681336,-2.0911602584097957,-0.032817090466071355,9.367369270961271,-8.90661101623183,-3.778341230241732,-1.8531562912807737,-1.493741959260431,1.2661961030302584,-1.6737738958765966,-0.37570519941087055,4.69216753250131
J538.B,-17.408971693401924,-8.693069249798064,-3.0880702366839476,-7.832229164541315,-14.670254298215328,-8.102231496470496,-3.0503830250832222,-7.431467068228446,-10.90801478491197,-7.400851392442844,-3.8728983662261407,-6.244108132549328
J352.C,-14.149667991072773,-5.655485849189585,-1.8954926059719552,-4.211467915639718,-9.660112286972169,-6.677960521137928,-3.6826795865982747,-4.062413748711782,-1.5797233253198781,-4.5373126441597185,-1.5414362550159615,4.116574076446016
J610.B,11.02423274982564,14.110319699680144,5.86565537530256,7.96588378151851,9.908943631880076,8.464495775764432,5.7698574392088116,7.0493582157736405,-5.975087775771744,10.098552069287345,4.870084550812032,-3.135903469850725
J365.B,2.578795081911335,-6.303545047513186,-2.826830363724897,4.166300899029239,-6.018189478393859,-3.133981387820356,-1.5482357420611883,0.95405115774614635,4.74454207101374,-0.08291903571930781,-0.37570519941087055,4.116574076446016
J378.B,2.643759987049137,-5.331456250027787,-0.3432630097170527,5.910371730335788,-3.4091913284554325,-5.711420757505865,-2.1580768405003568,1.2925114405914975,-6.164815737661748,-4.8554836161911785,-2.4157345467197793,-0.9198686640378337
J419.B,7.3861980621087,9.249875712253163,7.417884971557462,5.380921656546304,4.844787174779374,4.276156800025483,0.5862081024758936,2.4348148951945676,6.958034959730509,4.689645544752563,2.5386224396018524,3.5409806203907177
J660.B,8.003364660917821,-3.3872786550569924,-1.8954926059719552,-6.0801152348967324,13.017136373683973,11.041935145449946,2.4157313977933947,1.921080537304299,4.74454207101374,12.962090817570472,0.49859309229294696,-3.6539375803004943
J354.B,-18.534799087874426,-10.515929836616571,-2.826830363724897,-3.059135402097888,-21.35507992658786,-7.966680205980682,-1.8531562912807737,-7.304984137042717,-22.766012403037507,-9.309877224631588,-4.455763894028685,-9.69766886888111
J006.B,-10.609080661062539,-6.303545047513186,-1.5850466867209738,-7.076727138500475,-7.0793704346865045,-3.456161309031044,0.28128755325631044,-4.69098284542458,-8.821007204121873,-5.809996532285551,-0.9585707272134161,-3.3661408522728453
J477.A,20.898898330771587,3.741372526502581,3.071642102043736,7.405289585741405,10.784888859115716,15.874633963610275,10.953506775941731,11.425166158274283,7.55884017238221,10.416723041318814,6.327248370318393,6.5052869190754965
J201.A,-4.194803178169611,4.802829827969063,-1.0104060096891183,0.557217330513746,-7.893862609340119,2.6162235252663164,-5.305489417419662,-10.412263877399687,3.668543024910431,5.273800030452294,0.22610847620444072,1.6899015040561478
J184.A,-0.11927831376337221,5.022945353415149,-0.1428374219971382,0.7417816965253259,-17.207683348887905,-8.611040048402062,-4.292520685037441,-7.918443399699919,-6.6173503109779235,10.455235707186766,-2.345419181121731,-7.5260461601939195
J673.C,1.7342513151199044,-1.7671306592480007,1.8298584250398127,0.30442977256474124,6.480512850011524,0.7321776667079082,2.1108108485738115,2.67355027327299,3.1634757219303444,-1.991944867908057,0.7900258561942175,-0.20037684396871305
J661.B,-14.214632896210569,0.501076534884592,3.071642102043736,-6.7029976746490725,-4.847122920118247,-0.2343620969241579,1.1960492009150598,-1.8563779765947397,-4.5521280615966795,-2.310115839939513,0.20716032839167345,-2.358852304176075
J602.C,22.880327937474554,5.685550121473373,6.176101294553541,10.862287126366883,6.037830853451579,2.987437115182726,0.5862081024758936,-1.5239616273716254,20.555205561847796,2.780619712563814,3.995786259108217,9.440813544957507
J513.A,0.759777738052865,-3.387278655056995,-1.2746007674699946,6.564398292075746,2.741262793962596,-1.5230817817669093,-1.5482357420611883,0.8633921534125674,0.6021482364152254,-5.173654588222635,-0.08427243550960005,4.490709822881956
J301.A,6.692031007342042,-1.7921410653528966,1.4126887342072605,1.7638364226337668,23.9429047994189,9.431035539396504,7.9043012837458955,10.835882630106036,24.982191339281336,4.689645544752563,4.578651786910758,11.599289005164868
J599.B,-7.6206950247236325,-4.03533785338059,-2.516384444473916,-10.284571703225021,-2.815809077747415,-4.4227010726631075,-2.46299738971994,-4.364610429823702,4.744542071013747,-2.6282868119709732,1.081458620095491,0.3752166120865855
J433.A,-14.506974969330681,-7.599663444160383,-3.1372762829758774,-5.052359209305374,-17.100937335533022,-0.8787219393455337,-1.5482357420611905,-7.447016577165318,-16.125533736887203,-1.991944867908057,-2.1243017828185056,-5.495836639677445
J665.B,-13.272641771712433,-11.488018634101968,-2.826830363724897,-5.675241649057713,-15.625330680333194,-12.155019181719636,-4.597441234257024,-8.26294761616751,-12.868537057775384,-12.809757916977627,-0.667137963312144,-4.517327764383437
J671.C,-2.9107394022329633,0.501076534884592,2.450750263541773,4.010580289091158,5.840036769882234,0.08781782428653251,1.500969750134643,3.5952501506643517,11.068807467347373,-1.3556029238451406,1.664324147898035,10.678339475476395
J245.A,10.634443318998818,12.166142104709351,2.450750263541773,6.938127755927152,9.67975366202988,9.753215460607189,2.4157313977933947,5.7589783874257225,2.784019798150321,10.416723041318805,2.830055203503123,-1.1213263736571848
J211.A,13.16807461937311,10.54599410890036,8.038776810059424,8.059316147481361,-11.543865463823014,1.6987174303399744,-0.9383946436220221,-5.228892937803803,15.590657225725902,13.598432761633385,8.367277717627301,9.41203387215474
J652.C,12.388495757719475,18.970763687107134,5.244763536800599,9.927963466738381,18.279086914354014,19.418613096927857,7.294460185306729,7.892486956075903,-13.912040848170433,12.007577901476091,-0.667137963312144,-6.531904860576978
J205.A,5.112426382285621,1.4731653323699883,5.55520945605158,3.20083311741312,6.288997943698359,-3.133981387820356,-0.023632995963274832,4.096896641310143,0.03296435074519805,-6.446338476348467,-0.08427243550959856,3.339522910771364
J466.B,21.2886877615984,14.434349298841944,7.728330890808445,8.121604391456593,14.357740717876162,11.364115066660636,2.4157313977933947,4.852388344089955,26.341908399493057,21.23453609038838,14.19593299565275,8.232067287241387
J422.B,-13.532501392263645,-8.571752241645779,-1.2746007674699946,-4.460620891540655,-12.54853382481014,-5.389240836295174,-2.462997389719941,-6.661305206274316,-15.17689392743716,-1.6737738958766006,0.49859309229294546,-6.819701588604624
J430.B,-4.599826935815824,-5.655485849189588,-1.8954926059719552,-3.370576621974058,7.117849341512734,-0.2343620969241579,0.8911286516954767,-0.7775358250251744,6.483715055005487,-8.355364308537217,-1.8328690189172336,-0.6320719360101845
J521.A,-11.323694617578365,-8.247722642483978,-1.585046686720975,-7.201303626450942,-15.531143021490646,-4.744880993873798,-3.3777590373786914,-7.301962170231596,-9.010735166011884,-8.355364308537217,-2.707167310621051,-6.819701588604624
J192.A,4.9175316668722155,7.629727716444165,1.8298584250398127,-4.89663859936729,11.280943862353107,9.753215460607194,0.5862081024758936,1.1353691664133008,11.51150604509072,8.507697209130061,3.7043534952069437,2.3034546898718298
J650.C,24.69934528133303,29.987770058608298,8.038776810059424,9.273936904998425,12.630966972429553,43.2599272665188,8.514142382185062,3.6738212877534537,5.69318188046379,45.415529964779196,2.830055203503126,1.814200252224822
J609.C,-8.140414265826054,9.249875712253163,6.176101294553541,7.03156012189,20.753082753284797,4.598336721236173,3.0255724962325607,10.503466280882922,20.555205561847796,-2.310115839939513,-0.37570519941087205,9.872508636998981
J491.B,-7.2914859180042875,-11.486302086359208,-2.605846061231319,4.211155162987148,-5.64457843165177,-7.322320363559306,-0.023632995963274832,3.444151810108395,-8.536415261286855,-13.446099861040544,-2.1243017828185056,8.145728268833091
J202.A,7.734368249268117,5.133003116138199,-2.3117588912270843,-5.066567469133203,5.094520943635609,0.8587264334028383,-0.6716404442940155,0.28479232874247146,1.5621132320625992,3.633194255260189,-0.30403982868059837,-3.7139779748499273
J365.A,-11.551071785560675,-7.599663444160383,-2.516384444473916,-2.4673970843331685,-6.520523658887419,-0.5565420181348483,-2.1580768405003568,1.062841962946439,-3.3505176362932922,4.689645544752563,-0.08427243550959856,1.440064505788882
J581.C,-22.790000374400478,-12.136077832425565,-6.552181394736665,-8.540500871918471,-16.22185251966929,-10.544119575666192,-5.5122028819157745,-4.545928438490856,-1.6113446523015442,-1.3556029238451406,-2.4157345467197793,3.0805058555464817
J368.A,-13.922290823090458,-13.75622582823456,-2.826830363724897,-4.58519737949112,-7.807754996402163,-9.577579812034125,-1.2433151928416073,-2.0679156533730847,-9.168841800920214,-11.855245000883254,-3.5814656023248688,-3.653937580300492
J592.C,-13.889808370521559,-8.24772264248398,0.5880747480358892,-5.11464745328061,-16.805816004493057,-7.322320363559306,-3.0728384881591073,-6.38328425965135,-16.030669755942203,-8.037193336505757,-2.707167310621051,-6.330447150957624
J020.C,21.808407002700825,3.741372526502581,2.450750263541773,11.080295980280205,20.448542656360576,2.3430772727613554,1.500969750134643,8.901823870989727,20.555205561847796,4.371474572721103,1.3728913839967616,6.9945413567224985
J026.C,15.961565540298608,6.333609319796974,5.86565537530256,12.575213835685817,19.955627241751277,3.953976878814797,5.160016340769645,10.808684928805965,-14.259875444968786,0.8715938803750648,-6.204360477436319,-9.122075412825811
J006.C,-2.4235026136994513,-2.0911602584097957,0.27762882878491,-1.034767472902787,1.8527592122146064,0.7321776667079082,-0.023632995963274832,2.138662147704884,-5.595631851991728,2.4624487405323574,0.49859309229294396,0.8069117041280545
J251.A,31.260800700251064,22.535089277886925,2.7611961827927525,16.06335549829892,29.490557905244653,21.351692624191976,8.209221832965481,13.253456079001419,13.092572394174123,22.50721997851421,2.247189675700579,1.382505160183358
J249.C,31.910449751629073,21.563000480401517,3.071642102043736,6.595542414063364,8.109959347987514,12.330654830292696,-0.023632995963274832,-0.9497879332589719,29.94673967540322,19.325510258199635,8.075844953726032,10.649559802673629
J517.A,-13.694913655108154,-6.6275746466749865,-2.2059385252229355,-4.740917989429204,-6.394940113764029,-2.811801466609666,-1.5482357420611883,-4.485489102268471,-13.97528350213377,-1.6737738958765966,0.49859309229294546,-7.136277989435038
J016.A,5.632145623388042,24.15523727369591,3.071642102043736,6.782407145989065,3.965702358915644,31.33927018172333,5.160016340769645,1.2864675069692608,6.452093728023821,30.461494279300663,5.744382842515846,1.8717595978303558
J394.A,-5.899125038571868,-10.515929836616571,-2.826830363724897,2.2042212138093737,-10.036862922342339,-10.221939654455504,-3.3777590373786905,-0.13385689425677572,-3.477002944219964,-11.218903056820338,-1.2500034911146896,2.3897937082801204
J676.C,0.5324005700705606,-3.0632490558951946,2.7611961827927547,1.083032822255165,0.16680011893310137,-3.133981387820356,0.8911286516954767,-3.85087607193343,-1.1054034205948566,-4.8554836161911785,-0.9585707272134146,-3.51003921628667
J029.A,-4.080107694713414,-7.923693043322178,-1.2746007674699946,-1.1593439608532554,-9.503132855567936,-6.677960521137931,-3.6826795865982747,-2.944286028597662,-5.469146544065056,-7.082680420411384,-2.707167310621051,0.6630133401142347
J601.B,-9.407229916013199,-0.4710122626008041,4.0029798597966755,-1.3462086927789598,-2.37626666981555,0.4099977454972178,3.330493045452144,2.1023985459714534,-0.6943261698331673,1.507935824437981,3.41292073130567,1.1810474505639994
J390.B,-5.249475987193849,-12.136077832425565,-2.516384444473917,5.007192192694902,-6.740294862853356,-5.389240836295174,-4.292520685037441,-1.5239616273716254,-2.2121498649532376,0.23525193631215227,3.995786259108214,3.627319638799013
J433.B,-9.5046772737199,-13.432196229072762,-4.3790599599797995,-0.287308545199981,-0.45797801805576765,-6.35578059992724,-1.8531562912807737,-0.9346780992033749,-0.9472967856865186,-14.718783749166375,-4.455763894028685,2.3897937082801253
J678.C,1.1170847163107833,2.7692837290171846,-0.3432630097170527,0.709303358403762,11.626298611442433,-1.200901860556224,-3.987600135817858,4.489752326755646,9.139906521465605,3.73513262865819,-0.08427243550960005,7.570134812777797
J306.C,11.316574822945736,0.8251061340463925,3.3820880212947153,7.74787492760519,11.023497594850156,0.08781782428653251,1.500969750134643,5.514199075725067,2.815641125131995,-0.40109000775076786,2.247189675700582,3.2819635651658303
J358.A,-9.147370295461986,-4.035337853380593,-2.2059385252229355,-2.0313793765065298,-9.948954440755962,4.598336721236173,-1.8531562912807737,-3.542635457199273,-12.963401038720395,3.7351326286581865,-2.4157345467197793,-2.790547396217549
J354.C,-18.242457014754315,-14.404285026558156,-4.999951798481762,-9.630545141485065,-15.813705998018278,-12.799379024141013,-3.987600135817858,-4.515708770379666,-9.95937497546192,-6.446338476348467,-2.4157345467197793,-4.402209073172379
J614.A,16.448802328832127,11.194053307223955,11.453681921820214,3.9482920451159256,6.57156092022599,11.36411506666063,6.074777988428394,-0.4662732434798938,18.879275231819395,16.46197150991651,15.070231287356568,3.828777348418362
J662.E,21.386135119305106,23.183148476210516,7.107439052306483,7.65444256164234,9.588705591815431,15.87463396361027,4.85509579155006,4.5924991983337025,15.970113149505918,19.007339286168175,4.287219023009487,2.9366074915326523
J516.B,-10.803975376475949,-13.432196229072762,-4.3790599599797995,-7.263591870426176,-9.503132855567927,-7.966680205980682,-2.7679179389395254,-6.328888857051202,-13.532584924390422,-9.628048196663048,-2.707167310621051,-5.294378930058089
J504.A,16.026530445436414,19.61882288543073,11.453681921820214,10.457413540527865,-11.952011985474032,9.753215460607194,0.5862081024758914,-7.658554253943667,18.657925942947717,9.462210125224425,4.287219023009487,9.872508636998981
J223.A,14.272478006715748,6.333609319796974,2.450750263541773,13.447249251339095,14.131690336654053,8.464495775764432,4.855095791550064,4.8251906427898845,-9.801268340553582,-11.537074028851794,-0.9585707272134175,-3.6539375803004943
J024.A,-8.627651054359571,-5.3314562500277844,-2.516384444473916,1.8616358719455917,-17.823042719992518,-7.644500284769997,-4.902361783476607,-8.595363965390629,-15.904184448015526,-9.628048196663046,-2.998600074522323,-0.17159717116594614
J073.B,34.47656350457228,9.897934910576758,4.623871698298636,24.90828614278213,19.50666606793516,11.041935145449946,1.8058902993542283,9.445777896991181,36.0180344558835,4.053303600689646,3.995786259108217,21.844852522949154
J591.A,4.783692226941838,1.9869386547004049,2.537878476930059,3.583224696712269,16.9635992791865,2.0208973515506647,1.8058902993542283,8.14633216820992,9.171527848447278,0.23525193631215227,-0.37570519941087355,0.9508100681418841
J669.B,-5.411888250038351,-5.9795154483513855,-1.2746007674699946,-3.432864865949291,-3.170582592720993,-3.778341230241732,0.28128755325631044,0.37081156320013614,-2.3386351728799095,-7.082680420411384,1.081458620095491,-2.9632254330341383
J430.A,-17.00812381713607,-5.007426650865989,-1.5850466867209738,-8.260203774029918,-15.028808840997087,-8.93321996961275,-2.158076840500358,-6.600865870051933,-11.097742746801975,-4.8554836161911785,-1.8328690189172336,-4.7763448196083225
J658.B,9.335145216242779,0.501076534884592,-0.032817090466071355,12.94894329953722,6.4145814888217485,-4.744880993873798,-1.8531562912807737,7.179302788651762,5.8512885153721355,-7.7190223644743,-2.4157345467197793,6.33260888225891
J587.C,23.14018755802576,14.110319699680144,7.417884971557465,4.353165630954947,1.7679903192563193,9.431035539396504,1.1960492009150598,-1.5239616273716217,5.693181880463798,9.144039153192974,1.081458620095491,-0.7759703000240091
J004.B,15.27943403635169,6.333609319796974,2.7611961827927547,5.069480436670132,-2.596037873781478,5.887056406078929,-1.5482357420611905,-7.59811491772128,13.377164337009132,12.325748873507559,3.7043534952069437,4.059014730840483
J009.C,15.214469131213884,17.99867488962174,3.6925339405456943,8.65105446524608,-2.156495465849622,9.108855618185812,0.28128755325631044,-3.034945032931241,1.898622642663618,15.825629565853596,2.830055203503126,2.3897937082801253
J426.A,-2.4235026136994513,-1.1190714609243997,-1.585046686720975,1.2076093102056307,1.0772808210776745,1.0543575879185987,-1.8531562912807737,2.0117395416378745,0.3175562935802155,-1.6737738958766006,-3.2900328384235964,3.8287773484183667
J170.A,-2.8457744970951615,-10.191900237454771,-3.1372762829758774,-0.9101909849523211,-5.421667639057753,-7.644500284769997,-3.0728384881591073,-2.7629680199305113,-7.903988721653496,-8.037193336505757,-2.707167310621051,-0.7759703000240091
J605.B,-5.704230323158468,-7.923693043322178,-0.653708928968032,-2.436252962345551,-0.9260014005634647,-5.15327582873378,-1.4579104079696437,1.3986310242225526,-5.216175928211705,-7.082680420411384,-0.9585707272134146,-2.5603100137954313
J645.C,-1.9687482777348324,-6.951604245836782,-2.826830363724897,0.21099740660188762,-1.9995160344453802,-5.711420757505865,-3.072838488159108,-0.43605357536869954,-3.0026830394949426,-8.037193336505757,-2.707167310621051,2.159556325858005
J658.A,-7.100975783621212,-5.007426650865989,-2.516384444473916,1.1764651882180157,6.477373261383444,-3.778341230241732,-1.5482357420611883,8.025453495765142,3.795902261563704,-8.355364308537217,-3.5814656023248688,9.872508636998981
J352.B,-4.567344483246921,-10.515929836616571,-4.689505879230781,2.515662433685541,6.238764525649004,2.34307727276135,-0.023632995963274832,4.36282972068864,-0.6310835158698351,-2.6282868119709732,-2.4157345467197793,0.3752166120865855
J322.A,6.996408631281888,5.361520522311578,5.55520945605158,6.969271877914767,-20.617276598987942,-1.200901860556224,-2.1580768405003568,-10.136567039061434,1.2661961030302584,6.5986713769413115,3.1214879674043994,-3.078344124245196
J534.C,-10.414185945649137,-2.415189857571596,-0.3432630097170527,-2.716550060234103,-2.909996736589962,4.920516642446858,2.1108108485738093,-2.098135321484279,-2.1489072109899054,5.325987488815483,-1.832869018917232,-0.8623093184323048
J603.A,-5.444370702607254,-3.3872786550569924,-1.2746007674699946,-4.211467915639718,-8.036944966252351,-1.5230817817669093,-0.9383946436220221,-3.8508760719334334,-4.267536118761662,-3.582799728065346,-1.8328690189172336,-4.171971690750259
J086.A,-0.9617922480988995,5.037490923149773,2.450750263541773,1.5813387740570366,8.894856505008697,0.4099977454972229,0.5862081024758936,5.275463697646645,7.622082826345542,0.23525193631214844,3.1214879674043963,8.95155910731051
J665.D,-15.319036283553213,-2.7392194567333967,-0.9641548482190133,-9.599401019497448,1.3912396838861494,-2.16744162418829,-0.023632995963274832,-3.0651647010424314,-2.5283631347699136,-1.991944867908053,1.0814586200954894,-2.7905473962175464
J582.C,-2.4235026136994513,-3.711308254218793,0.5880747480358892,2.8582477755493287,-4.793749913440812,-4.4227010726631075,-2.1580768405003568,6.907325775651033,-6.670756969368435,-2.6282868119709732,-1.250003491114688,4.577048841290252
J538.A,-13.629948749970346,-8.247722642483978,-1.5850466867209738,-7.63732133427758,1.6957797808103732,-0.2343620969241579,0.28128755325631044,0.757623315023395,0.15944965867186994,-1.3556029238451406,1.664324147898035,1.4112848329861198
J664.C,-9.212335200599794,-8.247722642483978,-0.653708928968032,-2.560829450296019,-11.355490146137933,-6.677960521137931,-4.292520685037441,-5.210761136937087,-18.339026625603967,-7.082680420411384,-3.2900328384235964,-8.258685228742868
J003.E,17.293346095623555,9.249875712253163,2.450750263541773,3.2942654833759675,22.489275264615657,9.753215460607189,4.245254693110893,13.55565276011334,12.491767181522428,9.780381097255894,3.7043534952069437,6.965761683919732
J621.A,15.441846299196193,7.30569811728237,2.450750263541773,7.249568975803319,14.455067965346789,10.075395381817879,3.635413594671727,8.475726550621918,18.246848692186028,6.916842348972768,4.287219023009487,6.93698201111697
J665.C,1.441909241999788,-4.683397051704189,-0.653708928968032,0.33557389455235626,-6.28191492315298,-2.16744162418829,-1.8531562912807737,-6.9211943520305725,10.056925003933989,-1.3556029238451406,-1.8328690189172336,0.2600979208755228
J657.C,0.20757604438154578,-9.219811439969375,-3.4477222022268577,-5.706385771045329,11.783278042846666,-10.86629949687688,-2.46299738971994,9.808413914325495,4.333464820252058,-13.764270833072002,-2.4157345467197793,9.98762732821004
J028.C,31.09838843740656,9.573905311414958,9.280560487063351,14.879878862769475,20.29156322495634,6.531416248500305,4.855095791550061,7.844135487097995,22.800319777546232,4.689645544752559,-0.08427243550959856,6.620405610286554
J271.A,18.852503818930813,8.277786914767766,5.244763536800599,9.927963466738376,16.335681553569557,4.598336721236173,1.500969750134643,4.731509671645185,2.5490777513422715,4.147635523216908,2.2424107230441046,-1.3116471675182593
J319.A,23.237634915732468,13.462260501356548,1.8298584250398127,-0.19387617923713027,29.01961961103194,19.096433175717163,5.464936889989228,8.44852884932184,22.136271910931203,14.234774705696305,2.5386224396018524,8.433524996860735
J614.C,-1.059239605805605,-2.091160258409801,4.623871698298636,-1.5953616686798913,6.7976113014480894,0.7321776667079133,-0.023632995963272674,2.9817908880071506,14.610396089294193,5.325987488815483,6.035815606417122,6.33260888225891
J613.A,7.5161278723843035,-1.119071460924405,-0.3432630097170527,1.4879064080941857,-0.6180970380880904,-4.100521151452423,-0.3285535451828558,-1.318467884215517,7.748568134272214,-5.809996532285551,1.664324147898035,4.40437080447366
J246.A,-5.3794057974694525,3.4173429273407803,0.5880747480358892,-4.1803237936521,-14.972296245691561,-0.8787219393455337,-1.8531562912807737,-8.226684014434081,10.120167657897321,3.41696165662673,2.247189675700582,3.425861929179655
J306.B,17.520723263605866,9.573905311414958,2.7611961827927525,2.391085945735075,26.19398984575567,9.108855618185812,2.1108108485738115,8.992482875323303,17.234966228772652,7.2350133210042245,3.995786259108214,5.29654066135937
J484.B,37.49743159348007,21.887030079563313,3.071642102043736,6.595542414063361,17.87407998133107,24.89567175750956,1.196049200915062,-1.8865976447059303,20.808176177701153,30.143323307269203,1.081458620095491,8.692542052085617
J308.A,24.309555850506207,14.758378898003745,1.2089665865378498,-0.47417327712568247,26.821907571372613,12.330654830292696,6.074777988428393,11.13807931121796,19.733051060324424,12.643919845539012,2.247189675700579,2.0444376346469473
J172.A,-15.481448546397715,-9.543841039131175,-3.7581681214778393,-7.481600724339496,-14.714849978188612,-2.4896215453989754,-2.1580768405003568,-7.326137904720548,-7.52453279787348,-6.446338476348471,-1.8328690189172336,-3.6251579074977274
J425.A,-12.785404983178921,5.361520522311578,0.8985206672868706,-7.170159504463327,-4.128157124286839,2.987437115182726,0.28128755325631044,-3.9264252422114154,0.6337695633968915,1.507935824437985,1.664324147898035,-2.013496230542897
J599.C,0.6298479277772611,1.7971949315317886,0.5880747480358892,-1.2527763268161063,3.2090614995472233,3.6317969576041067,3.635413594671727,4.903761779878983,5.376968610647107,1.8261067964694373,-1.5414362550159615,-0.20037684396871305
J595.B,-1.676406204614721,7.30569811728237,2.450750263541773,1.6747711400198844,-1.6227653990752102,-1.200901860556224,4.85509579155006,0.8633921534125674,-5.374282563120043,12.643919845539012,3.995786259108214,-2.5027506681898997
J621.C,-0.18221338644526597,-8.571752241645775,-2.826830363724897,-1.8133705225932135,1.8307820918180144,2.6652571939720406,0.5862081024758936,-1.9168173128171246,10.120167657897321,2.1442777685008974,1.081458620095491,3.2531838923630683
J517.B,0.5324005700705606,-9.867870638292972,-0.653708928968032,-0.8167586189894704,-14.620662319346074,-10.86629949687688,-4.902361783476607,-9.229976995725666,1.013225487176907,-6.446338476348467,-0.667137963312144,-1.265224737671012
J385.B,1.636803957413199,-5.9795154483513855,-0.9641548482190133,3.2631213613883525,-8.498464494580807,-6.677960521137931,-3.072838488159108,-1.9772566490395094,-2.5599844617515872,-8.355364308537217,-1.8328690189172336,-1.3515637560793052
J483.B,16.708661949383334,17.350615691298138,-4.689505879230781,-4.180323793652103,11.437923293757349,19.74079301813854,1.8058902993542283,6.423811085871951,14.452289454385847,19.32551025819963,5.744382842515849,4.145353749248778
J323.A,4.235400162925292,6.657638918958769,0.5880747480358892,7.997027903506128,15.808230664051315,12.652834751503386,3.0255724962325607,6.895237908406556,-8.696499544176797,7.40339269331786,-0.400902248136117,-7.690346040718293
J001.B,10.439548603585408,6.9816685181205695,3.3820880212947153,8.526477977295615,10.18208784252344,5.242696563657549,1.8058902993542283,6.816666771317454,9.329634483355617,2.780619712563814,5.452950078614578,8.606203033677327
J601.A,-0.7019326275476816,-4.035337853380593,2.7611961827927547,-0.3184526671875989,0.7947178445500513,0.08781782428653251,0.28128755325631044,-1.9470369809283188,-2.2121498649532376,-4.5373126441597185,-1.5414362550159615,-4.805124492411086
J448.B,-12.882852340885622,-7.923693043322183,-2.2059385252229355,-3.588585475887377,-14.746245864469463,-8.61104004840206,-3.3777590373786905,-4.455269434157281,-11.413956016618657,-6.446338476348467,-1.5414362550159602,2.0444376346469424
J656.B,16.18894270828092,-5.655485849189585,-0.032817090466071355,13.07351978748769,7.513437508651416,-8.933219969612749,-2.1580768405003568,7.0886437843181875,9.58260509920896,-10.582561112757421,-4.164331130127413,6.275049536653376
J594.C,18.397749482966205,11.842112505547556,4.313425779047657,10.768854760404038,16.448706744180598,12.975014672714078,4.245254693110893,5.743868553370133,13.282300356064127,18.370997342105262,3.41292073130567,3.8287773484183667
J612.B,-19.931544548337175,-17.968610617337944,-6.552181394736665,-9.132239189683194,-21.653340846255908,-14.088098708983768,-5.817123431135359,-12.94699617340232,-22.00710055547747,-13.446099861040544,-6.787226005238864,-12.978551568396302
J516.A,-12.298168194645404,-8.571752241645779,-4.999951798481762,-9.038806823720343,-7.179837270785217,-8.933219969612749,-3.072838488159108,-5.754715162938548,-15.176893927437156,-10.582561112757421,-2.1243017828185056,-8.258685228742868
J619.A,-17.07308872227387,-6.627574646674984,-4.999951798481762,-11.281183606828764,-16.34743606479268,-7.322320363559306,-3.987600135817858,-10.045908034727859,-24.505185387029247,-10.900732084788878,-5.6214949496337745,-14.072179134901365
J022.D,12.9082149988219,17.67464529045994,1.8298584250398127,11.578601932082073,6.822728010472771,14.90809419997821,-0.6334740944024411,2.706791908195301,8.222888038997235,24.416245810702957,0.20716032839167345,-1.1788857192627136
J585.C,3.488303753840562,2.4452541298553845,-0.653708928968032,-5.363800429181543,9.397190685502256,2.0208973515506647,-0.3285535451828558,2.434814895194571,14.325804146459175,3.09879068459527,3.7043534952069437,0.3464369392838186
J027.B,0.5324005700705606,4.065402125664382,-3.1372762829758774,-5.79981813700818,19.60085372677769,1.6987174303399744,-0.023632995963274832,13.162797074667843,16.634161016120952,0.5534229083436085,-2.4157345467197793,-3.538818889089432
J542.A,-8.627651054359571,-12.136077832425565,-3.1372762829758774,-4.865494477379673,-0.7122846969306371,-8.288860127191372,-2.7679179389395254,-3.034945032931241,-0.9472967856865111,-4.219141672128262,0.49859309229294396,-2.7905473962175464
J612.A,-23.63454414119191,-13.43219622907276,-5.310397717732742,-10.159995215274554,-20.36610950874116,-10.221939654455504,-4.902361783476608,-10.529422724506935,-23.746273539469218,-8.673535280568673,-5.03862942183123,-11.050313490611055
J349.B,-9.861984251977812,-10.839959435778368,-2.826830363724897,-0.34959678917521386,-14.369495229099293,-11.18847941808757,-4.902361783476607,-5.301420141270666,-7.303183509001802,-12.173415972914711,-2.1243017828185056,0.49033530329764324
J516.C,-12.233203289507601,-4.683397051704189,-1.2746007674699946,-5.4260886731567775,-10.664780647959281,-7.322320363559308,-0.6334740944024411,-2.391266102162846,-12.299353172105361,-6.446338476348467,-2.4157345467197793,-4.661226128397259
J685.C,2.1240407459467163,-1.4431010600862002,1.208966586537852,2.6713830436236274,12.44259165474446,-5.389240836295174,-0.023632995963274832,8.932043539100917,3.4796889917470204,-5.491825560254091,0.49859309229294696,-0.0276988071521215
J517.C,-16.098615145206836,-10.839959435778372,-4.689505879230781,-6.3604123327852875,-12.360158507125053,-8.933219969612749,-3.987600135817858,-6.38932819327359,-15.176893927437156,-6.128167504317011,-3.5814656023248688,-7.683091772687569
J003.D,17.650653073881468,10.54599410890036,2.450750263541773,14.319284666992365,12.882134062676332,12.652834751503386,1.8058902993542283,11.712253005330613,2.784019798150321,16.14380053788505,3.41292073130567,2.5912514178994788
J664.E,-7.393317856741324,-8.571752241645779,-2.826830363724897,-2.436252962345551,-19.518420579158278,-10.221939654455504,-4.292520685037441,-11.103596418619588,-16.44174700670388,-9.309877224631588,-4.164331130127413,-9.122075412825813
J586.A,15.896600635160812,17.02658609213634,9.59100640631433,8.15274851344421,15.73915971423345,11.36411506666063,10.34366567750256,9.868853250547879,5.69318188046379,7.5531842930356845,7.492979425923484,1.8142002522248268
J006.A,-9.764536894271108,-2.7392194567333967,-2.516384444473916,-8.883086213782258,-2.5332461012197833,0.7321776667079082,-1.2433151928416073,-4.772575949324798,-7.271562182020129,-0.40109000775076786,-2.1243017828185056,-4.517327764383437
J235.A,40.485817229818984,21.238970881239723,3.3820880212947153,6.8446953899643015,2.835450452805134,12.652834751503386,1.8058902993542283,-0.10363722614558889,0.001343023763524409,30.143323307269203,-0.667137963312144,-2.7905473962175464
J384.B,-2.391020161130543,-3.3872786550569924,-1.2746007674699946,-1.7822264006055928,-5.044917003687587,-2.811801466609666,-1.2433151928416073,1.6188838561923788,2.847262452113661,-0.4010900077507641,1.3728913839967616,4.979964260528959
J295.A,29.961502597495024,19.61882288543073,7.417884971557465,12.076907883883948,22.740442354862438,19.740793018138536,8.514142382185062,13.646311764446923,15.3060652828909,21.55270706241983,5.744382842515852,4.663387859698548
J316.A,12.323530852581678,6.657638918958769,4.313425779047657,2.6402389216360125,13.57598314948306,6.531416248500305,4.245254693110893,3.5952501506643553,8.760450597685598,12.325748873507559,5.452950078614578,1.2961661417750572
J662.B,-16.22854495548244,-3.0632490558951946,-2.516384444473916,-10.876310020989743,9.58556600318735,-2.16744162418829,-0.3285535451828558,0.6216348085230283,8.981799886557281,-3.582799728065346,0.790025856194219,-2.7617677234147795
J368.B,-13.79236101281486,-8.247722642483978,-5.931289556234703,-8.229059652042304,-11.732240781508104,-2.16744162418829,-4.597441234257024,-4.425049766046087,-8.22020199147018,-4.219141672128262,-4.455763894028686,1.8142002522248268
J613.C,3.9755405423740795,-3.0632490558951946,1.8298584250398127,0.9273122123170785,12.160028678216836,0.4099977454972229,-0.023632995963274832,0.95405115774614635,12.966087086247459,-2.310115839939513,3.1214879674043963,-0.20037684396871305
J432.B,2.838654702462543,-3.711308254218793,-4.689505879230781,-2.8411265481845716,0.9830931622351277,-1.8452617029775997,0.5862081024758936,-0.6475912521470482,4.744542071013747,-4.8554836161911785,-2.1243017828185056,2.1019969802524763
J626.A,-5.769195228296264,-6.6275746466749865,-4.999951798481762,-4.055747305701631,-12.187481132580391,-3.1339813878203535,-0.9383946436220221,-7.226412999953614,-15.018787292528819,-7.400851392442844,-4.164331130127413,-6.963599952618448
J349.A,-10.25270126690116,-12.143533342020651,-5.981415289399722,-2.019847156202044,-2.1878913521304653,-5.067060915084486,-3.9876001358178566,-2.5514303431521625,-8.536415261286862,-6.128167504317007,-2.4157345467197793,0.9508100681418841
J535.A,30.22136221804622,7.629727716444165,4.9343176175496195,10.706566516428802,27.44982529698957,17.807713490874402,3.9403341438913126,14.571033608649403,10.436380927714012,14.552945677727756,-0.9585707272134175,-0.48817357199635986
J665.H,-9.342265010875392,-6.303545047513186,-2.516384444473916,-5.550665161107244,-15.499747135209804,-5.067060915084486,-5.5122028819157745,-10.378324383950973,-8.156959337506839,-7.082680420411384,-3.290032838423595,-2.704208377809253
J037.A,-14.73435213731299,-12.784137030749164,-5.310397717732742,-4.118035549676867,-26.53540116292769,-12.799379024141013,-7.951567275672442,-15.615392867620603,-14.38636075289546,-9.946219168694505,-4.747196657929958,-0.5457329176018887
J434.A,-22.10786887045355,-10.191900237454771,-4.999951798481762,-11.499192460742083,-18.24374759615587,-10.221939654455504,-4.292520685037441,-9.453602539748488,-14.101768810060445,-11.855245000883254,-3.2900328384235964,-6.01387075012721
J595.C,3.455821301271664,10.221964509738559,1.8298584250398127,-0.4430291551380675,9.459982458063951,5.242696563657549,5.160016340769645,7.179302788651767,4.048872877417048,8.507697209130061,4.870084550812032,2.5049123994911833
J609.B,7.288750704401995,0.17704693572279157,1.8298584250398127,-1.3773528147665748,8.32973055195345,-3.4561613090310415,0.8911286516954767,1.6491035243035694,3.7959022615636964,-3.900970700096806,2.5386224396018524,-0.20037684396871305
J530.A,-12.525545362627714,-5.331456250027787,-1.8954926059719552,-5.394944551169161,-8.03380537762427,-2.16744162418829,2.1108108485738093,-1.2398967471264188,1.5824093728469344,-1.0374319518136803,1.664324147898035,7.742812849594384
J673.D,1.9291460305333052,-4.035337853380593,1.8298584250398127,4.010580289091158,3.4476702352816626,-3.778341230241732,1.805890299354226,4.5169500280557235,3.2267183758936766,-2.310115839939513,1.664324147898035,4.720947205304071
J317.A,25.60885395326226,5.361520522311578,3.3820880212947153,6.12838058424911,20.674593037582675,8.142315854553752,5.4649368899892306,14.187243823637264,22.136271910931203,11.371235957413178,1.081458620095491,5.267760988556608
J527.A,-14.312080253917275,-15.052344224881754,-5.931289556234703,-5.488376917132011,-13.113659777865394,-11.832839260508946,-4.597441234257024,-5.845374167272127,-13.27961430853707,-10.582561112757421,-3.8728983662261407,-8.402583592756693
J613.B,4.722636951458809,-1.7671306592480007,0.5880747480358892,-0.5676056430885332,0.16680011893310137,-2.4896215453989754,1.8058902993542283,-2.430551670707393,8.855314578630603,-2.9464577840024293,-0.08427243550960005,-0.20037684396871305
J663.A,6.054417506783752,1.149135733208193,1.208966586537852,-0.8790468629647032,8.078563461706661,2.0208973515506647,5.160016340769645,2.6765722400841105,4.744542071013747,-5.173654588222635,0.7900258561942175,-1.6393604841069545
J003.A,2.448865271635731,3.4173429273407803,1.5194125057888312,2.2042212138093737,12.938646657981858,2.3430772727613554,1.8058902993542283,8.128200367343203,13.914726895697493,-1.0374319518136803,-0.667137963312144,7.570134812777793
J521.C,-12.882852340885622,-6.303545047513183,-1.8954926059719552,-8.97651857974511,-16.246969228693974,-5.711420757505865,-3.072838488159108,-8.534924629168243,-14.544467387803797,-6.128167504317011,-3.2900328384235964,-7.39529504465992
J489.B,-14.312080253917275,-5.655485849189588,-1.8954926059719552,-3.059135402097888,-3.0041843954325,-1.200901860556224,-0.023632995963274832,-2.279453330151433,-6.955348912203453,-3.900970700096802,-0.08427243550960005,0.6630133401142347
J586.B,5.534698265681336,6.657638918958769,6.486547213804522,4.3220215089673255,1.4540314564478445,2.3430772727613554,3.330493045452144,-0.8561069621142765,4.744542071013747,3.7351326286581865,2.5386224396018524,-2.5027506681898974
J526.C,-21.16587774595542,-14.080255427396358,-4.3790599599797995,-9.038806823720343,-15.939289543141669,-7.644500284769997,-1.5482357420611883,-6.69152487438551,-18.149298663713964,-5.491825560254095,-1.5414362550159615,-8.057227519123515
J344.B,-12.720440078041115,-9.867870638292972,-2.826830363724897,-0.34959678917521675,-11.292698373576238,-7.966680205980684,-4.597441234257024,-4.122853084934163,-3.097547020439941,-7.40085139244284,-1.8328690189172336,7.282338084750148
J353.C,-5.411888250038351,-6.627574646674984,-1.8954926059719552,1.6436270180322694,-1.0168247938548522,1.6987174303399744,-0.6334740944024411,4.284258583599538,-2.8445764045866047,0.8715938803750648,-1.5414362550159615,-2.5027506681898974
J416.B,-9.602124631426605,-4.359367452542391,0.27762882878491,-4.709773867441586,6.398883545681327,-4.744880993873798,-0.9383946436220221,-3.2374168092762288,1.6140306998286005,-5.173654588222635,-1.5414362550159615,-2.8193270690203134
J587.A,24.01514079838873,14.145716884437139,3.9845510032879465,13.275894971006561,1.3912396838861494,11.041935145449946,3.330493045452146,-0.1942962304791642,-7.271562182020136,11.689406929444639,0.49859309229294396,-5.956311404521679
J029.B,-18.56728154044333,-13.75622582823456,-5.620843636983723,-4.398332647565419,-15.436955362648108,-9.899759733244814,-5.20728233269619,-8.504704961057051,-20.236306244504053,-10.264390140725961,-5.6214949496337745,-7.107498316632273
J538.C,-18.69721135071893,-11.488018634101968,-4.06861404072882,-8.727365603844175,-12.981797055485833,-3.778341230241732,-1.8531562912807737,-5.999494474639207,-11.066121419820309,-4.219141672128262,-2.998600074522323,-3.3661408522728453
J598.A,-11.388659522716166,-0.14698266343900362,2.140304344290794,-5.239223941231075,-2.4704543286580884,-5.067060915084486,-2.46299738971994,-0.5569322478134691,-5.690495832936726,-4.219141672128262,-0.667137963312144,-1.9271572121346037
J300.A,22.55550341178555,2.7692837290171846,2.140304344290792,17.340264499791214,17.24616225571414,3.6317969576041067,1.1960492009150598,10.32214827221577,3.7959022615636964,5.644158460846939,-0.667137963312144,2.9653871643354193
J540.B,-6.094019753985279,-11.163989034940167,-1.8954926059719552,-3.1214236460731235,-9.251965765321147,-11.51065933929826,-3.987600135817858,-5.936033171605704,-10.117481610370257,-6.446338476348467,-3.2900328384235964,-5.0929212204387335
J326.A,12.41704734854265,2.4798620964464937,1.0912059505721736,1.039301269239676,16.33568155356955,13.619374515135453,8.819062931404646,0.10790045063276335,2.3868039086940915,14.728846326044973,3.0198557145677003,-1.7904357027947746
J661.A,-7.7506248349992415,-3.387278655056995,-2.205938525222937,-9.848553995398385,6.7976113014480894,1.0543575879185936,1.8058902993542283,0.4493827002892345,6.641821689913841,-1.0374319518136803,-2.4157345467197793,2.9653871643354193
J588.B,-4.989616366642641,-5.3314562500277844,0.27762882878491,-2.249388230419849,-0.8567057738225382,-4.744880993873798,0.28128755325631044,0.38894336406684976,0.9499828332135675,-5.809996532285551,0.49859309229294546,5.267760988556608
J660.C,7.451162967246507,-0.4710122626008041,0.27762882878491,-1.657649912655127,13.290280584327347,4.920516642446858,2.7206519470129757,4.64085066731161,-1.6429659792832103,10.734894013350265,-0.667137963312144,-8.891838030403694
J536.B,-11.031352544458253,-8.571752241645779,-3.447722202226859,-0.22502030122474814,-9.631855989319407,-8.933219969612749,-2.767917938939524,1.908992670059822,-11.698547959453668,-7.7190223644743,-2.1243017828185056,0.4615556304948763
J250.A,28.36986242161886,10.545994108900354,2.140304344290792,6.315245316174812,30.495226266231764,6.531416248500305,4.855095791550061,21.08035011980023,21.756815987151196,8.507697209130061,5.452950078614578,15.13918875990494
J636.C,-17.073088722273877,-11.812048233263765,-4.3790599599797995,-7.170159504463326,-18.639335763294554,-12.799379024141013,-5.207282332696192,-8.837121310280166,-19.92009297468737,-12.809757916977627,-5.621494949633775,-11.424449237047
J646.A,-12.590510267765511,-9.543841039131172,-3.7581681214778393,-3.713161963837846,-11.575261350103862,-9.577579812034125,-4.597441234257024,-3.1558237053760103,-9.801268340553582,-8.355364308537217,-3.2900328384235964,-4.661226128397262
J666.B,-4.307484862695718,-2.415189857571596,-1.8954926059719552,-6.3915564547729025,-5.829814160708775,-3.133981387820356,-0.633474094402439,-1.5844009635940102,-4.425642753670007,-0.08291903571930781,1.664324147898035,-3.078344124245196
J598.B,-11.908378763818588,-6.303545047513186,-1.2746007674699946,-6.142403478871968,-10.884551851925217,-5.067060915084486,-0.6334740944024411,-5.694275826716163,-14.544467387803797,-3.582799728065346,-1.250003491114688,-5.956311404521679
J580.A,-8.660133506928474,-11.163989034940167,-4.3790599599797995,-1.8445146445808285,2.584283362558354,-6.35578059992724,-2.46299738971994,4.973267016534725,3.1002330679670123,-10.90073208478888,-2.4157345467197793,12.664136898867165
J498.C,0.27254094951935276,0.501076534884592,0.8985206672868706,0.1175650406390398,2.728704439450247,0.08781782428653251,1.1960492009150598,0.2952623929221543,-1.5797233253198706,0.8715938803750648,0.20716032839167345,-2.7905473962175464
J384.C,4.755119404027713,-1.7671306592480007,1.208966586537852,3.9794361671035436,-9.870464725053846,-11.832839260508946,-5.207282332696192,-8.072563707067,-24.030865482304232,-18.53683541354387,-1.5414362550159615,6.994541356722494
J484.C,5.112426382285626,8.601816513929561,1.5194125057888312,2.889391897536947,-2.2820790109730034,2.34307727276135,0.8911286516954767,-0.31517490292393,6.989656286712175,2.4624487405323574,1.955756911799307,2.0156579618441803
J041.A,3.2934090384271513,2.4452541298553845,1.8298584250398104,8.15274851344421,10.590234364174462,2.0208973515506647,0.5862081024758936,0.7425134809677979,-16.757960276520564,-1.3556029238451406,-2.124301782818507,-8.834278684798164
J542.B,-7.100975783621217,-6.303545047513186,-2.516384444473916,-6.235835844834819,-13.239243322988784,-8.288860127191372,-3.987600135817858,-9.018439318947317,-8.22020199147018,-2.6282868119709732,1.955756911799307,-3.481259543483903
J662.D,5.079943929716722,13.138230902194747,3.3820880212947153,0.9584563343046992,4.885601826944469,7.820135933343061,3.0255724962325607,1.8304215329707236,8.539101308813912,12.643919845539012,1.372891383996763,6.7067446286948496
J618.A,-21.68559698705784,-13.75622582823456,-4.999951798481762,-10.066562849311703,-23.097551615174893,-15.69899831503721,-5.207282332696192,-10.438763720173359,-16.410125679722217,-13.127928889009084,-3.2900328384235964,-6.503125187774213
J378.A,-14.312080253917275,-2.7392194567333967,-2.826830363724897,-7.886474310178516,-1.258573118217381,-3.1339813878203535,-1.2433151928416073,0.9087216555793588,-1.5481019983382045,0.23525193631214844,1.081458620095491,4.260472440459841
J393.B,-19.671684927785964,-10.839959435778372,-4.689505879230781,-7.076727138500475,-5.40283010728925,4.920516642446863,1.8058902993542283,1.984541840337804,-4.42564275367,-1.3556029238451406,-2.1243017828185056,4.116574076446016
J602.B,25.933678478951272,4.389431724826181,3.071642102043736,4.726895094806349,32.25339589795924,3.309617036393416,8.819062931404646,15.550150855452033,32.5396884879,2.1442777685008974,11.281605356640025,14.10312053900541
J395.B,-21.23084265109322,-16.024433022367152,-5.620843636983723,-9.194527433658427,-21.15100666576235,-10.544119575666192,-4.292520685037441,-7.71899359016605,-21.501159323770782,-6.446338476348467,-2.998600074522323,-8.546481956770517
J210.A,4.495259783476505,-6.6275746466749865,-0.032817090466071355,2.453374189710311,-4.605374595755718,-8.933219969612749,-1.5482357420611905,-4.310215027223558,-3.1607896744032806,-7.082680420411384,-2.707167310621051,-1.6393604841069545
J175.A,-13.077747056299033,-4.683397051704189,-1.8954926059719552,-8.073339042104218,-0.6808888106497853,-2.811801466609666,-0.6334740944024411,-1.3124239505932769,-5.690495832936726,-0.7192609797822241,-4.164331130127413,1.5264035241971776
J353.A,-19.96402700090608,-11.488018634101968,-8.104410990991568,-8.820797969807026,-11.223627423758373,-9.577579812034125,-4.597441234257024,-5.386035211982003,-13.279614308537074,-7.082680420411384,-3.8728983662261407,-2.5027506681898974
J663.B,6.801513915868488,10.870023708062154,0.8985206672868706,-7.419312480364262,1.535660760778042,6.209236327289615,5.7698574392088116,-1.6236865321385574,13.313921683045807,6.916842348972768,6.03581560641712,-1.3515637560793052
J672.A,-6.678703900225502,-5.007426650865987,-0.032817090466071355,-1.969091132531297,-6.614711317729958,-0.2343620969241579,0.28128755325631044,-3.9113154081558146,-7.903988721653496,-3.900970700096806,0.20716032839167345,-0.48817357199635986
J465.A,17.748100431588174,15.730467695489141,-0.9641548482190133,3.854859679153072,4.085006726782864,13.619374515135453,5.160016340769645,3.6738212877534573,9.171527848447278,11.053064985381718,1.955756911799307,4.116574076446016
J664.A,-23.17978980522729,-9.219811439969375,-4.999951798481762,-9.6928333854603,-20.155757070659483,-8.933219969612749,-3.6826795865982747,-9.45360253974849,-25.611931831387633,-7.082680420411384,-5.912927713535048,-11.712245965074649
J484.A,24.439485660781813,15.082408497165545,3.3820880212947153,1.7682035059827408,9.742545434591584,20.062972939349226,-0.023632995963272674,-4.183292421156551,17.140102247827645,25.05258775476587,5.161517314713305,-4.2870903819613195
J681.A,7.581092777522111,7.30569811728237,-0.3432630097170527,-1.003623350915172,20.731105632888205,10.075395381817874,2.7206519470129775,17.182012933456424,19.54332309843442,10.098552069287345,4.287219023009487,11.05247522191234
J596.C,-2.55343242397505,-5.9795154483513855,2.140304344290794,-2.8411265481845716,5.064558378745311,0.08781782428653251,5.160016340769645,6.3935914177607645,7.590461499363876,-4.219141672128262,1.081458620095491,4.40437080447366
J684.A,5.794557886232544,7.30569811728237,0.5880747480358892,-6.609565308686221,5.601428034147795,8.786675696975122,1.1960492009150598,-1.5481373618605794,-3.382138963274951,3.7351326286581865,4.870084550812032,-9.23719410403687
J641.C,-23.14730735265839,-12.784137030749164,-3.447722202226859,-9.568256897509832,-22.70824262529238,-12.477199102930324,-4.902361783476607,-13.291500389869912,-20.90035411111909,-11.537074028851794,-3.581465602324867,-10.820076108188937
J403.A,-7.295870499034623,-12.136077832425565,-5.620843636983723,-7.9799066761413675,-0.37948830235365105,-4.4227010726631075,-0.6334740944024411,3.444151810108395,1.4243027379385964,-5.809996532285551,-2.4157345467197793,3.684878984404542
J536.A,-3.235563927921973,-5.3314562500277844,-1.8954926059719552,-0.13158793526189452,-2.8472049640282666,-6.677960521137928,-2.767917938939523,0.8029528171901863,-8.156959337506839,-8.355364308537217,-1.250003491114688,-0.37305488078529964
J477.C,8.815425975140363,2.4452541298553894,4.313425779047657,7.43643370772902,11.123964430948874,-0.5565420181348432,-0.023632995963272674,6.182053740982419,6.009395150280474,4.371474572721106,3.995786259108214,2.67759043630777
J416.A,-6.776151257932208,-4.683397051704189,1.8298584250398104,-4.086891427689249,-3.3809350308026698,-7.644500284769997,-0.9383946436220221,-3.2767023778207762,-12.963401038720395,-7.082680420411384,0.20716032839167345,-4.805124492411086
J399.B,-10.154326325097925,-5.331456250027787,-1.8954926059719552,-0.8790468629647032,8.235542893110903,-4.42270107266311,-2.1580768405003568,4.338653986199686,0.6337695633968915,-7.7190223644743,-2.4157345467197793,-0.34427520798253275
J267.C,-35.68553404425424,-20.236817811470537,-9.65664058724647,-16.513396100748412,-21.37077786972828,-13.765918787773078,-6.731885078794108,-11.012937414286013,-17.390386816153924,-8.991706252600128,-5.330062185732502,-8.834278684798164
J394.B,1.636803957413199,-9.867870638292972,-3.4477222022268577,1.5813387740570366,-13.898556934886576,-10.544119575666192,-3.6826795865982747,-4.515708770379666,-10.623422842076954,-11.855245000883254,-4.164331130127414,-1.0925467008544227
J431.A,-13.824843465383758,-2.091160258409801,0.2776288287849079,-9.132239189683194,-11.857824326631494,-3.778341230241732,-1.8531562912807737,-5.754715162938548,-5.690495832936726,-2.9464577840024293,-1.250003491114688,-2.214953940162253
J212.A,21.321170214167307,3.4173429273407803,1.5194125057888312,8.993639807109869,2.5685854194179325,2.6652571939720406,1.1960492009150598,-0.3937460400130321,8.855314578630603,-1.0374319518136803,0.20716032839167345,-1.3515637560793052
J447.A,10.439548603585417,3.4173429273407803,2.7611961827927547,8.713342709221315,25.691655665262104,6.209236327289615,3.9403341438913104,14.25070512667077,13.092572394174123,3.09879068459527,6.035815606417122,5.526778043781496
J600.A,0.24005849695044926,1.4731653323699934,2.450750263541773,-6.173547600859584,-7.6193796787170776,-0.2343620969241579,2.7206519470129775,-6.419547861384781,-17.70660008597061,-0.08291903571931163,-0.9585707272134146,-11.424449237047
J514.A,24.179626040230605,5.037490923149773,5.865655375302562,3.543418459276902,19.695041385620236,4.598336721236173,5.464936889989226,3.2205262660855696,2.1199719315352956,2.1442777685008974,-0.667137963312144,-3.7114969259060233
J065.B,6.639101653023975,9.249875712253163,4.002979859796678,2.0173564818836724,0.5435507543032627,12.330654830292696,7.599380734526312,-1.8563779765947397,-10.749908150003625,12.643919845539012,4.578651786910758,-0.7759703000240067
J086.B,13.655311407906627,10.87002370806216,3.6925339405456943,8.464189733320378,3.3691805195795372,7.820135933343061,1.8058902993542283,0.908721655579355,3.795902261563704,8.825868181161521,-0.9585707272134175,-0.7759703000240067
J644.B,-14.279597801348377,-3.0632490558951972,-2.516384444473917,-5.768674015020565,-6.59901337458954,-1.200901860556219,0.28128755325631044,-2.0074763171507035,-10.433694880186941,-5.809996532285551,-2.998600074522323,-7.39529504465992
J646.C,-21.425737366506628,-9.543841039131175,-3.4477222022268577,-8.696221481856558,-16.535811382477767,-9.577579812034125,-2.767917938939524,-6.751964210607895,-18.02281335578729,-9.628048196663045,-0.667137963312144,-6.244108132549328
J541.B,-9.991914062253421,-10.515929836616571,-1.5850466867209738,-5.114647453280608,-7.8077549964021715,-7.966680205980684,-1.8531562912807737,-3.9415350762670087,-0.6943261698331673,-4.5373126441597185,-0.9585707272134175,-4.315870054764083
J331.A,40.35588741954338,15.406438096327346,0.5880747480358892,11.298304834193527,-1.4971818539518202,15.23027412118889,2.4157313977933947,-1.0887984065704515,26.50069692621403,7.891756268832997,1.9314327264346656,10.920627669223686
J353.B,-14.052220633366067,-8.247722642483978,-3.7581681214778393,-3.713161963837846,-14.777641750750307,-11.188479418087567,-3.987600135817858,-5.150321800714704,-10.591801515095279,-8.673535280568673,-4.164331130127413,-0.5457329176018887
J481.B,-0.6044852698409863,1.149135733208193,0.8985206672868685,-0.3807409111628317,3.369180519579546,-3.4561613090310415,-0.9383946436220221,5.396342370091421,3.321582356838675,-5.491825560254091,0.49859309229294546,2.8214888003215943
J596.A,0.4674356649327536,-1.7671306592480007,0.5880747480358892,-0.7856144970018525,-1.6227653990752189,1.0543575879185987,3.330493045452146,-0.16407656236796997,7.369112210492198,0.5534229083436047,4.287219023009487,-1.6681401569097165
J522.B,-4.14507259985121,-8.24772264248398,-2.826830363724897,-4.709773867441589,-13.207847436707931,-11.832839260508946,-6.122043980354942,-10.620081728840512,-1.5797233253198706,-8.991706252600128,-2.4157345467197793,-7.107498316632273
J589.B,-3.0731516650774706,-0.4710122626008041,3.071642102043736,-2.8722706701721865,-4.209786428617045,-1.200901860556224,1.8058902993542283,1.368060610869483,-11.382334689636991,-7.082680420411384,1.372891383996763,-8.834278684798164
J382.A,-15.448966093828817,-13.75622582823456,-3.7581681214778393,-5.581809283094864,-15.091600613558782,-11.832839260508946,-4.597441234257024,-7.416796909054128,-14.544467387803797,-10.582561112757421,-2.707167310621051,-6.244108132549328
J217.A,34.57401086227897,14.110319699680144,11.764127841071193,21.202135626255718,-3.694893893611145,16.841173727242342,6.684619086867563,1.074929830190916,15.495793244780904,20.59819414632546,8.658710481528574,9.584711908971332
J016.D,4.202917710356389,1.7971949315317886,-0.3432630097170527,-3.027991280110273,13.572843560854968,4.598336721236173,2.1108108485738115,6.272712745315995,-0.6627048428515012,7.553184293035688,1.372891383996763,-0.08525815275765036
J293.A,23.237634915732468,10.87002370806216,8.038776810059424,9.460801636924128,3.023825770490219,5.887056406078929,1.500969750134643,-0.22451589859035473,23.654095606051282,9.780381097255885,4.870084550812032,10.937356530701278
J645.A,-26.59044732496191,-14.404285026558158,-5.620843636983723,-11.810633680618253,-19.201322127721717,-10.221939654455504,-3.6826795865982747,-8.072563707067,-16.441747006703885,-10.582561112757421,-3.8728983662261407,-7.395295044659923
J387.A,-4.534862030678022,-8.895781840807576,-2.516384444473916,-3.090279524085506,0.6565759449143206,-4.4227010726631075,1.1960492009150598,5.205958460990907,-3.79321621403664,-8.037193336505757,-2.4157345467197793,1.2386067961695284
J003.F,32.85244087612722,13.786290100518348,4.002979859796678,4.010580289091158,16.765805195617162,15.2302741211889,5.160016340769645,7.357598830507801,36.93505293835187,16.78014248194797,12.738769176146386,10.707119148279162
J458.A,37.9521859294447,8.277786914767766,-2.516384444473916,11.890043151958247,29.92696072454843,18.1298934120851,3.635413594671727,10.424895143793819,33.67805625924007,13.280261789601932,1.372891383996763,10.476881765857048
J614.B,-2.683362234250659,-15.052344224881754,-2.516384444473916,-5.1146474532806065,0.41796720917987273,-6.0336006787165495,1.1960492009150598,-0.405833907257509,-0.31487024605315156,-7.082680420411384,-0.08427243550959708,-0.20037684396871305
J522.C,-5.346923344900555,-3.3872786550569924,-1.8954926059719552,-2.342820596382697,-6.602152963217626,-5.389240836295176,-1.5482357420611905,-3.7753269016554514,-1.4216166904115326,-1.0374319518136803,-0.9585707272134146,-2.675428705006489
J597.C,-2.618397329112857,4.065402125664382,2.140304344290794,0.3667180165399741,6.160274809946888,0.08781782428653251,4.245254693110893,6.970787078684542,2.847262452113661,-2.310115839939513,-0.37570519941087205,-0.4881735719963623
J169.A,-10.316738587942432,1.7971949315317886,1.208966586537852,-5.270368063218694,-7.682171451278773,-5.711420757505865,-0.9383946436220221,-1.5844009635940102,-5.405903890101716,-0.40109000775076786,-0.08427243550959708,-0.9198686640378313
J527.B,-10.609080661062544,-9.219811439969375,-2.2059385252229355,-1.346208692778957,-7.157860150388621,-5.067060915084486,-2.767917938939524,-0.23962573264595186,-5.152933274248372,-6.446338476348467,-2.998600074522323,-1.265224737671012
J418.A,-9.667089536564408,-1.7671306592480007,-1.2746007674699946,-6.017826990921499,-1.4343900813901251,-2.811801466609666,-1.5482357420611905,-3.578899058932704,6.357229747078816,0.8715938803750648,-0.37570519941087205,3.3107432379685973
J597.A,2.7412073447558374,1.7971949315317886,-0.653708928968032,-1.221632204828491,4.687807743375132,-2.811801466609666,0.28128755325631044,5.819417723648107,12.649873816430775,-6.128167504317011,-1.8328690189172336,11.599289005164868
J394.C,7.061373536419695,14.758378898003745,7.728330890808444,-2.685405938246485,-4.605374595755718,9.431035539396504,4.85509579155006,0.8331724853013732,9.70909040713564,10.098552069287345,9.533008773232389,6.246269863850609
J503.A,34.21670388402107,20.590911682916122,3.6925339405456965,6.252957072199576,6.728540351630223,-4.100521151452423,0.5862081024758936,5.275463697646652,29.124585173879854,23.143561922577124,7.492979425923481,7.1096600479335565
J621.B,9.432592573949474,1.149135733208193,0.5880747480358892,-1.003623350915172,8.232403304482814,-0.8787219393455387,-0.9383946436220221,-0.6264374844692107,10.12016765789733,-1.991944867908057,-1.5414362550159615,-0.6896312816157159
J299.A,9.075285595691561,3.0933133281789797,2.7611961827927525,2.6713830436236274,18.59618536579058,8.786675696975122,4.855095791550061,9.899072918659074,21.40898139035283,7.871355265067141,1.372891383996763,11.57050933236211
J612.C,-23.439649425778498,-12.784137030749164,-4.06861404072882,-9.661689263472683,-17.697459174869124,-11.51065933929826,-4.597441234257024,-9.13931799139209,-20.236306244504053,-12.809757916977627,-4.164331130127413,-10.561059052964055
J649.C,-8.952475580048581,-4.035337853380593,-1.5850466867209738,-1.003623350915172,-3.7294293685200777,-6.35578059992724,-1.8531562912807737,-3.0047253648200503,-9.485055070736898,-9.309877224631588,-4.164331130127414,-6.531904860576978
J376.A,-8.335308981239459,-11.812048233263765,-4.689505879230781,-4.024603183714016,-12.454346165967593,-12.477199102930324,-5.817123431135358,-4.122853084934163,-5.532389198028389,-10.582561112757421,-2.707167310621051,-0.7759703000240116
J596.B,-3.982660337006698,-6.303545047513186,-0.032817090466071355,-3.059135402097888,4.882462238316396,-1.200901860556224,0.5862081024758936,0.908721655579355,-8.536415261286862,-4.5373126441597185,-2.707167310621051,-4.22953103635579
J386.A,-12.038308574094192,-7.275633844998582,-2.516384444473916,-5.519521039119628,-1.9053283756028419,-4.744880993873798,-0.32855354518285795,0.6216348085230283,-8.852628531103539,-6.764509448379924,-2.1243017828185056,-0.7759703000240067
J574.B,2.578795081911335,-0.14698266343900362,1.5194125057888312,1.425618164118953,1.3284479113244545,-0.8787219393455337,1.1960492009150598,0.6518544766342226,6.705064343877173,-1.991944867908057,0.49859309229294396,7.5989144855805595
J593.B,9.49755747908728,-3.387278655056995,-2.516384444473916,-8.291347896017538,1.9987549212636397,-5.8085993104530536,-1.4579104079696437,1.1117439743690907,-9.168841800920223,-1.6737738958765966,-2.1243017828185056,-7.107498316632273
J419.A,13.265521977079814,11.194053307223955,1.8298584250398127,7.779019049592809,17.811288208769387,6.5314162485003,2.1108108485738093,7.723256814653229,20.555205561847796,8.507697209130054,0.20716032839167345,6.418947900667201
J651.C,10.926785392118934,11.194053307223955,2.140304344290794,1.1453210662303979,14.10657362762938,29.406190654459188,3.635413594671727,3.8551392964206115,14.80012405118419,31.097836223363572,3.8965981208891214,3.8863366940238957
J368.C,-7.78310728756814,11.194053307223955,-4.06861404072882,-1.7822264006055928,-11.041531283329459,-8.93321996961275,-3.0728384881591073,-3.1558237053760103,-11.066121419820309,-8.355364308537217,-3.2900328384235964,-1.6393604841069545
J489.A,6.281794674766061,11.194053307223955,-1.8954926059719552,3.449986093314051,-5.324340391587125,-0.8787219393455337,1.1960492009150598,1.2139403035024028,-8.852628531103539,-1.6737738958765966,-1.250003491114688,-1.639360484106952
J229.A,22.086824731217682,7.554273896045169,-0.6850677893046251,6.712981773370541,6.54016503394513,6.853596169710991,0.28128755325631044,1.9815198735266837,25.203540628153018,9.780381097255885,1.9557569117993086,8.51986401526903
J016.B,13.655311407906627,2.4452541298553845,4.623871698298636,9.273936904998425,-6.071562485071303,-1.200901860556224,1.500969750134645,3.6707993209423373,15.653899879689241,6.280500404909856,3.41292073130567,14.534815631046884
J344.A,-20.84105322026641,-15.700403423205353,-8.104410990991568,-9.568256897509832,-8.938006902512681,-8.933219969612749,-3.6826795865982747,-1.6750599679275855,-1.8959365951365617,-8.673535280568673,-3.2900328384235964,0.08741988405893623
J584.C,5.372286002836829,13.786290100518348,3.0716421020437337,-2.0936676204817655,11.123964430948874,8.142315854553747,2.1108108485738115,1.316687175080455,8.222888038997235,7.553184293035681,1.372891383996763,-0.4881735719963623
J395.A,-7.328352951603526,-8.247722642483978,-0.3432630097170527,-0.5053173991133003,-15.053925550021768,-8.933219969612749,-3.6826795865982747,-6.461855396740448,-5.058069293303367,-7.40085139244284,-2.707167310621051,-0.8335296456295355
J173.A,-3.430458643335384,11.194053307223955,-2.826830363724897,0.21099740660189342,3.28755121524934,-5.711420757505865,-0.6334740944024411,3.2114603656522127,-5.374282563120043,-4.8554836161911785,-3.8728983662261407,-1.6393604841069545
J647.C,-20.15892171631948,11.194053307223955,-5.620843636983723,-8.104483164091835,-14.495078774222684,-12.155019181719636,-3.072838488159108,-6.449767529495971,-14.228254117987113,-11.855245000883254,-5.03862942183123,-8.546481956770517
J592.B,-19.574237570079262,11.194053307223955,-5.931289556234703,-11.686057192667784,-14.997412954716243,-11.510659339298256,-5.207282332696192,-7.356357572831743,-18.022813355787292,-12.491586944946171,-3.8728983662261407,-9.122075412825813
J684.B,20.704003615358175,19.61882288543073,9.901452325565309,7.062704243877618,19.958766830379357,14.263734357556833,4.550175242330479,2.4227270279500908,17.298208882735985,18.370997342105262,10.698739828837484,0.8932507225363502
J016.E,23.62742434655929,11.194053307223955,4.623871698298639,17.122255645877893,5.064558378745303,5.242696563657549,2.7206519470129757,3.976017968865381,4.112115531380388,4.053303600689643,5.744382842515849,3.5409806203907177
J590.B,9.335145216242779,11.194053307223955,1.8298584250398127,5.536642266484388,4.028494131477331,-3.1339813878203535,-1.2433151928416073,1.860641201081918,6.009395150280474,-3.900970700096802,-0.667137963312144,3.8287773484183667
J409.B,3.130996775582649,-9.867870638292972,-0.9641548482190133,5.972659974311024,-3.8895483885524005,-5.711420757505865,-0.023632995963274832,2.984812854818271,0.3175562935802155,-6.446338476348467,-0.08427243550960005,6.131151172639552
J005.B,12.485943115426192,9.897934910576764,0.8985206672868706,1.5501946520694188,26.89411810981856,17.807713490874402,3.9403341438913126,8.276276741088045,20.08088565712278,15.189287621790676,7.784412189824755,2.217115671463534
J273.A,18.235337220121693,9.897934910576764,3.3820880212947153,10.208260564626933,2.6156792488391973,8.464495775764437,2.7206519470129775,-1.1915452781485074,0.8551188522685692,10.734894013350265,0.49859309229294696,-4.229531036355788
J644.A,-9.017440485186388,-11.488018634101968,-3.4477222022268577,0.49129450449044565,3.4445306466535732,-4.10052115145242,-1.2433151928416073,4.7466195057007825,-4.362400099706668,-5.491825560254091,-0.9585707272134175,-2.5315303409926644
J357.B,-14.214632896210569,-5.007426650865989,-2.826830363724897,-2.9968471581226552,-4.5425828231940315,-1.5230817817669093,-1.5482357420611883,-0.7080305883694329,-3.1924110013849467,-2.9464577840024293,0.20716032839167345,-1.4379027744875985
J455.B,-6.646221447656604,-4.359367452542388,-0.032817090466071355,-1.657649912655127,-7.054253725661822,-1.5230817817669093,0.8911286516954767,-4.425049766046087,-5.374282563120043,-5.173654588222635,2.5386224396018524,-4.805124492411084
J371.A,-21.16587774595542,-15.052344224881757,-6.552181394736665,-8.633933237881322,-21.433569642289974,-10.544119575666192,-3.377759037378689,-10.450851587417835,-13.184750327592072,-9.946219168694505,-1.8328690189172336,-4.373429400369613
J574.A,0.3699883072260482,-7.923693043322178,-2.826830363724897,-3.6197295978749953,1.4226355701669926,-9.255399890823439,-2.7679179389395254,0.8633921534125674,-1.2635100555031946,-5.491825560254091,-2.4157345467197793,2.67759043630777
J350.B,-20.483746242008497,-11.812048233263768,-5.310397717732742,-7.481600724339496,-7.619379678717086,-7.000140442348618,-3.3777590373786914,-5.8755938353833175,-9.010735166011877,-8.037193336505757,-2.707167310621051,-4.11441234514473
J605.A,-13.954773275659361,-12.460107431587364,-4.06861404072882,-5.488376917132011,-2.931973856986545,-6.677960521137931,-1.8531562912807737,-1.7747848726945212,-12.868537057775388,-8.673535280568677,-1.5414362550159615,-2.9920051058369026
J500.A,6.741384596490314,6.258941816499806,0.126757599666913,0.3469676782186535,28.580077203100082,11.041935145449946,5.160016340769642,15.368832846784882,2.847262452113661,8.189526237098601,1.9557569117993086,3.8287773484183667
J374.B,-3.560388453610988,-6.627574646674981,-2.516384444473917,0.8961680903294635,-9.094986333916914,-8.288860127191372,-3.987600135817858,-4.576148106602049,-4.931583985376695,-7.719022364474296,-2.4157345467197793,3.138065201152006
J592.A,-13.727396107677052,-11.812048233263768,-3.7581681214778393,-4.834350355392056,-11.54386546382302,-3.4561613090310415,-1.5482357420611883,-3.388515149832189,-10.212345591315271,-4.5373126441597185,-2.998600074522323,-5.927531731718914
J415.B,-8.010484455550449,-10.839959435778372,-2.826830363724897,-3.9000266957635477,-11.449677804980473,-9.577579812034129,-4.292520685037441,-5.936033171605702,-5.342661236138377,-11.218903056820338,-0.9585707272134175,4.836065896515129
J669.A,-11.161282354733862,-2.7392194567333967,-5.931289556234703,-7.917618432166133,-5.484459411619448,-2.811801466609666,-1.8531562912807737,-0.8289092608141987,-8.852628531103539,-4.219141672128262,-1.8328690189172336,-3.941734308328141
J647.B,-17.9176324890653,-16.99652181985255,-5.310397717732742,-6.7029976746490725,-16.504415496196923,-15.054638472615833,-5.207282332696192,-8.323386952389896,-18.718482549383985,-13.764270833071999,-5.03862942183123,-11.338110218638704
J208.A,-7.393317856741328,-2.415189857571596,-1.5850466867209738,-4.803206233404438,-1.3402024225475784,0.08781782428653251,2.1108108485738093,-3.367361382154355,-7.492911470891814,-0.40109000775076786,-0.37570519941087055,-3.107123797047958
J526.A,-18.762176255856733,-9.219811439969375,-3.4477222022268577,-9.287959799621278,-11.066647992354136,-6.0336006787165495,0.8911286516954767,-3.6967557645663534,-15.809320467070519,-7.7190223644743,-0.37570519941087205,-6.531904860576978
J021.C,9.9523118150519,1.7971949315317886,1.5194125057888312,0.709303358403762,11.343735634914802,1.0543575879185987,1.8058902993542283,5.305683365757838,10.752594197530682,-0.08291903571930781,3.1214879674043963,5.757015426203611
J539.B,-2.0986780880104363,-3.711308254218793,-0.3432630097170527,2.204221213809377,-10.256634126308267,-3.4561613090310415,-1.5482357420611883,-5.8755938353833175,-4.710234696505017,-2.310115839939513,-0.37570519941087055,0.9220303953391171
J441.B,7.3861980621087,5.685550121473373,0.5880747480358892,2.017356481883675,8.235542893110903,2.34307727276135,1.8058902993542283,1.9513002054154933,-5.058069293303367,-0.08291903571930781,-0.37570519941087055,-5.0929212204387335
J258.A,-17.332948342825084,-13.75622582823456,-5.931289556234703,-7.730753700240432,-23.28592693285998,-17.954257763512032,-6.122043980354941,-11.979966793844168,-10.749908150003625,-7.7190223644743,-2.707167310621051,0.9508100681418791
J418.B,0.9546724534662708,-3.711308254218793,0.27762882878491,-0.7856144970018525,10.590234364174462,1.0543575879185987,0.5862081024758914,4.882608012201149,18.246848692186028,-1.991944867908057,1.0814586200954894,8.548643688071799
J515.A,-18.502316635305522,-13.43219622907276,-5.620843636983723,-9.319103921608896,-18.482356331890312,-7.966680205980684,-3.6826795865982747,-10.450851587417835,-24.66329202193759,-10.582561112757421,-5.6214949496337745,-14.014619789295834
J204.A,2.9685845127381514,-4.035337853380593,2.140304344290794,8.869063319159402,1.133793416383199,-6.355780599927242,-1.2433151928416073,1.9089926700598256,5.376968610647107,-0.40109000775076786,2.5386224396018524,3.8287773484183667
J640.A,-20.87353567283531,-14.404285026558156,-5.310397717732742,-8.540500871918471,-17.571875629745733,-11.18847941808757,-6.731885078794108,-8.262947616167512,-15.176893927437163,-6.764509448379924,-2.998600074522323,-6.531904860576978
J393.A,-8.237861623532758,-3.3872786550569924,0.27762882878491,-1.8133705225932106,4.656411857094289,-3.7783412302417347,-1.2433151928416073,10.654564621438878,6.7999283248221785,-2.310115839939513,0.49859309229294396,11.455390641151048
J534.B,-14.73435213731299,-5.007426650865989,-4.689505879230781,-9.443680409559365,-6.520523658887419,-6.355780599927242,-2.7679179389395254,-2.883846692375281,-1.1054034205948566,-5.173654588222635,-1.8328690189172336,-2.5027506681898997
J023.B,4.625189593752104,-0.4710122626008041,6.796993133055501,8.121604391456597,19.478409770282386,12.330654830292696,9.428904029843814,10.195225666148762,3.795902261563704,11.371235957413178,0.49859309229294546,0.6630133401142347
J022.B,25.056652259590933,14.434349298841944,2.7611961827927547,9.398513392948892,24.81257084939838,10.719755224239254,4.550175242330479,11.530934996663458,29.048396255790507,11.473089155944034,3.9527897043960105,6.20996627376119
J482.A,17.585688168743673,5.685550121473373,6.486547213804522,13.883266959165727,-7.5251920198745434,1.6987174303399744,0.8911286516954767,-4.576148106602047,23.812202240959607,-3.264628756033886,3.1214879674043963,10.505661438659809
J208.B,3.9755405423740795,-3.387278655056995,8.659668648561388,6.097236462261495,-10.903389383693728,1.0543575879185987,4.245254693110893,-2.469837239251944,-3.4770029442199566,-4.8554836161911785,0.20716032839167345,3.5409806203907177
J429.A,-11.193764807302765,-4.035337853380593,-2.516384444473917,-5.4260886731567775,-2.690225532624025,-3.4561613090310415,-3.072838488159108,-3.4580203864879344,-3.698352233091642,-1.3556029238451406,-0.37570519941087055,-2.3876319769788394
J324.A,26.453397720053687,12.814201303032952,4.002979859796678,18.212299915444486,20.448542656360576,7.175776090921681,0.8911286516954767,4.1271163094213374,14.294182819477516,6.280500404909851,0.49859309229294546,2.9653871643354193
J665.A,-16.32599231318915,-8.247722642483978,-1.8954926059719552,-9.319103921608896,-5.296084093934372,-2.8118014666096682,-0.9383946436220221,-1.9168173128171246,-2.2437711919349037,-3.900970700096802,-1.8328690189172336,-3.2222424882590204
J647.A,-16.97564136456717,-14.404285026558158,-3.1372762829758774,-6.142403478871968,-19.439930863456162,-13.121558945351703,-4.292520685037441,-9.37200943584827,-19.603879704870696,-12.491586944946171,-3.8728983662261407,-8.632820975178811
J649.B,-12.200720836938698,-4.359367452542391,-0.653708928968032,-6.796430040611923,3.6077892553139854,-5.389240836295174,-0.3285535451828558,3.365580673019293,-15.284817555693012,-7.735878147651528,-1.9557922311833054,-2.4082273612160843
J651.A,-6.8411161630700095,8.601816513929561,3.3820880212947153,0.8961680903294635,-2.2192872384113085,4.920516642446858,1.8058902993542283,0.44031679985587774,-3.1607896744032806,5.007816516784023,-2.1243017828185056,-2.2149539401622507
J645.B,-1.1566869635123054,-6.951604245836782,-2.826830363724897,1.2698975541808664,-10.884551851925217,-7.966680205980684,-4.902361783476607,-5.482738149937821,-1.073782093613183,-7.7190223644743,-1.250003491114688,1.5264035241971776
J638.A,-20.938500577973116,-16.67249222069075,-6.241735475485684,-10.564868801113574,-22.84638452492812,-14.732458551405145,-6.731885078794108,-14.09534356162763,-24.34707875212091,-12.173415972914711,-4.455763894028685,-12.287839421129943
J574.C,-5.86664258600297,-2.7392194567333967,-0.032817090466071355,-3.432864865949291,-0.24134640271792038,-6.033600678716552,-2.158076840500358,-2.5514303431521625,-6.322922372570093,-3.900970700096806,-2.707167310621051,-6.244108132549328
J635.B,-27.792298070011253,-15.376373824043553,-9.34619466799549,-14.08415458571429,-22.03009148162608,-11.51065933929826,-6.122043980354941,-10.71074073317409,-25.295718561570954,-8.673535280568673,-3.2900328384235964,-11.424449237047
J022.C,20.574073805082573,13.138230902194753,8.038776810059424,10.831143004379268,20.99169148901924,14.58591427876752,5.160016340769645,11.20456258106258,17.709286133497667,9.462210125224434,3.7043534952069437,6.131151172639552
J355.C,-8.367791433808362,-5.9795154483513855,-1.8954926059719552,-1.657649912655127,-12.360158507125053,-6.677960521137931,-3.987600135817858,-5.75471516293855,-14.006904829115443,-6.764509448379924,-0.37570519941087055,-5.985091077324445
J387.C,-1.936265825165934,-5.007426650865989,-2.826830363724897,3.138544873437884,12.81934229011463,-2.4896215453989754,-2.1580768405003568,5.63809971498096,-1.8959365951365617,-7.400851392442844,-5.03862942183123,2.3897937082801253
J306.A,19.274775702326533,2.7692837290171846,3.6925339405456943,11.921187273945861,16.963599279186507,-0.8787219393455337,-0.32855354518285795,6.997984779984608,12.017447276797407,-2.6282868119709732,-0.37570519941087055,0.6630133401142347
J016.C,10.666925771567715,16.054497294650936,4.623871698298639,8.246180879407065,0.41796720917987273,9.108855618185812,4.245254693110893,0.3708115632001325,-6.830350353722687,10.007998429398612,2.7088777179582615,-3.427583597611248
J448.A,-11.518589332991775,-11.163989034940169,-2.826830363724897,-2.4985412063207835,-10.319425898869962,-7.0001404423486155,-4.292520685037441,-1.554181295482816,-14.987165965547153,-13.446099861040544,-5.330062185732502,-7.942108827912454
J586.C,9.172732953398267,-4.03533785338059,2.7611961827927525,6.159524706236728,0.8951846806487599,-0.8787219393455337,2.7206519470129775,1.368060610869483,5.376968610647107,-6.128167504317011,2.5386224396018524,0.7205726857197586
J348.A,-22.919930184676083,-17.644581018176147,-6.241735475485684,-8.353636139992771,-6.203425207450864,-9.255399890823439,-3.3777590373786914,0.5249318705672127,7.7485681342722215,-10.264390140725963,-4.455763894028686,5.699456080598077
J450.B,-17.950114941634205,-13.75622582823456,-2.826830363724897,-5.488376917132011,-4.511186936913179,-7.0001404423486155,-1.8531562912807737,-0.6778109202582386,-8.599657915250194,-1.8646764790954704,-0.37570519941087205,-6.790921915801859
J428.A,-8.790063317204078,-5.007426650865989,-1.8954926059719552,-6.5784211866986055,-1.4186921382497035,-7.000140442348618,-1.8531562912807737,0.9842708258573406,-6.7656209503134415,-4.5373126441597185,-1.5414362550159615,-2.589089686598193
J652.A,10.34210124587871,15.082408497165545,1.8298584250398127,6.502110048100513,14.769026828155273,9.753215460607194,5.7698574392088116,11.657857602730468,5.69318188046379,4.689645544752563,2.830055203503123,3.2531838923630683
J390.A,-8.790063317204078,-11.488018634101968,-4.06861404072882,-2.2182441084322315,-13.396222754393017,-11.18847941808757,-3.987600135817858,-5.724495494827358,-8.536415261286862,-9.628048196663048,-2.1243017828185056,3.8287773484183667
J219.A,17.19589873791685,2.4452541298553845,2.450750263541773,7.592154317667107,6.003295378542646,9.108855618185812,1.8058902993542283,-0.547866347380116,-2.2121498649532376,5.644158460846936,-1.8328690189172336,-7.683091772687569
J625.B,-7.425800309310227,-9.543841039131175,-2.826830363724897,-6.858718284587159,-9.15149892922243,-2.811801466609666,-2.1580768405003568,-1.4725881915825974,-5.279418582175045,-3.2646287560338894,-3.8728983662261407,-4.603666782791733
J640.C,-15.806273072086725,-11.488018634101968,-3.4477222022268577,-3.588585475887377,-20.08354653221354,-14.732458551405145,-4.292520685037441,-6.631085538163125,-12.805294403812056,-10.900732084788878,-2.7071673106210494,-4.949022856424911
J379.A,-4.047625242144505,-8.895781840807576,-3.1372762829758774,-0.22502030122474814,-3.694893893611145,-8.611040048402062,-3.072838488159108,2.0419592097490686,1.5824093728469344,-7.082680420411384,-2.998600074522323,0.9508100681418841
J643.A,-16.033650240069033,-9.543841039131175,-3.7581681214778393,-5.4260886731567775,-17.84188025176102,-9.255399890823439,-5.207282332696192,-9.758821187671533,-22.766012403037504,-10.582561112757421,-6.4957932413375925,-9.122075412825811
J534.A,-11.096317449596055,2.7692837290171846,0.27762882878491,-6.266979966822436,-0.052971085032835395,6.209236327289615,3.330493045452144,4.731509671645189,0.949982833213575,4.371474572721106,0.790025856194219,2.159556325858005
J376.C,-9.342265010875398,-13.108166629910961,-2.826830363724897,-4.522909135515885,-3.820477438734535,-7.322320363559306,-0.6334740944024411,-0.012978221812006188,-4.42564275367,-15.036954721197834,-2.707167310621051,3.8287773484183667
J597.B,8.035847113486719,5.685550121473373,3.6925339405456965,5.318633412571069,10.810005568140399,2.6652571939720406,0.8911286516954767,8.780945198544961,8.855314578630603,2.1442777685008974,1.3728913839967616,8.43352499686074
J326.B,17.065968927641258,20.914941282077926,7.107439052306483,-1.4707851807294254,-6.300752454921483,26.828751284773684,0.28128755325631044,-8.595363965390627,10.436380927714005,26.007100670860243,5.744382842515849,1.2386067961695284
J008.A,17.19589873791685,7.30569811728237,2.7611961827927547,6.969271877914767,15.86474325935685,15.55245404239958,2.1108108485738093,2.1326182140826475,11.385020737164048,15.825629565853596,-0.37570519941087055,0.9508100681418841
J527.C,-12.135755931800897,-7.59966344416038,-4.3790599599797995,-5.48837691713201,-5.672834729304538,-10.544119575666192,-3.987600135817858,-3.2464827097095856,-11.47719867058199,-14.718783749166375,-5.330062185732502,-7.999668173517983
J311.A,24.53693301848852,6.9816685181205695,3.6925339405456943,8.090460269468979,12.44259165474446,5.242696563657549,1.1960492009150598,5.335903033869033,18.594683288984378,6.280500404909851,4.287219023009487,12.836814935683755
J001.A,17.163416285347953,4.389431724826181,8.970114567812367,10.208260564626933,19.632249613058548,-0.5565420181348483,5.464936889989226,4.6710703354228045,26.563257688364743,-1.6737738958765966,3.7043534952069437,6.7067446286948496
J471.B,-13.662431202539251,0.501076534884592,-2.826830363724897,-3.2460001340235896,-11.700844895227252,1.0543575879185987,-2.46299738971994,-5.271200473159472,-9.073977819975216,-2.310115839939513,-3.8728983662261407,-7.165057662237805
J406.A,-25.583491295325977,-10.839959435778368,-6.241735475485684,-11.561480704717317,-15.371024001458323,-6.033600678716552,-2.7679179389395254,-7.150863829675634,-7.587775451836812,-5.173654588222635,-2.707167310621051,-1.3515637560793077
J427.A,-9.407229916013199,11.194053307223955,1.8298584250398127,-5.145791575268225,-6.200285618822774,-5.389240836295174,-0.3285535451828558,-1.164347576848437,-10.49693753415028,-7.400851392442844,-0.6276872815300826,-5.697294349296796
J465.C,12.29104840001278,11.194053307223955,4.623871698298636,9.460801636924128,-1.6541612853560534,4.920516642446863,1.500969750134643,1.5282248518588035,12.333660546614084,7.871355265067148,2.247189675700579,7.138439720736324
J018.B,2.4813477242046296,0.8251061340463925,0.27762882878491,5.81693936437294,16.304285667288706,4.598336721236173,4.855095791550061,12.649062716777571,15.337686609872566,2.4624487405323574,0.20716032839167345,7.282338084750148
J065.A,15.31191648892059,11.194053307223955,2.7611961827927547,4.135156777041627,16.74382807522057,5.887056406078929,0.8911286516954767,8.96226320721211,18.516823867923453,2.194181221156345,1.4649657315205087,7.121208969932619
J011.B,8.165776923762333,11.194053307223955,1.5194125057888312,-0.06929969128666456,19.556899485984513,1.0543575879185936,3.0255724962325607,15.030372563939535,6.32560842009715,-0.08291903571930781,3.995786259108214,5.354100006964899
J005.D,14.759714795249275,11.194053307223955,6.176101294553541,6.190668828224346,15.801951486795145,14.263734357556828,5.7698574392088116,6.846886439428649,10.120167657897321,9.462210125224434,2.5386224396018524,2.3897937082801204
J008.B,18.332784577828388,11.194053307223955,2.140304344290794,5.007192192694902,13.510051788293282,2.0208973515506647,0.8911286516954767,6.454030753983146,2.5310491822969774,2.4624487405323574,3.41292073130567,1.0083694137474128
J540.C,-13.33760667685024,11.194053307223955,-3.7581681214778393,-3.775450207813079,-8.15310974549149,-3.778341230241732,-2.1580768405003568,-5.059662796381125,-10.433694880186941,-7.400851392442844,-2.707167310621051,-1.3515637560793052
J683.E,-18.437351730167723,11.194053307223955,-4.999951798481762,-6.889862406574774,-11.386886032418778,-7.966680205980682,-0.9383946436220221,-5.386035211982003,-21.058460746027425,-7.719022364474296,-3.2900328384235964,-9.265973776839635
J314.A,19.437187965171034,11.194053307223955,10.522344164067272,9.74109873481268,1.4226355701670013,7.497956012132371,8.514142382185062,-2.490991006929778,6.167784442396743,3.8220598062068194,4.419256699310169,2.101651745259473
J441.A,4.3978124257698,11.194053307223955,1.8298584250398127,1.9239241159208216,8.32973055195345,8.142315854553747,3.330493045452144,-0.405833907257509,-0.6310835158698275,11.053064985381718,0.7900258561942175,-4.805124492411086
J536.C,-20.938500577973116,11.194053307223955,-6.241735475485684,-8.197915530054686,-14.966017068435397,-6.033600678716552,-1.5482357420611905,-7.779432926388436,-15.49310719725384,-8.991706252600128,-2.998600074522323,-5.66851467649403
J644.C,-13.857325917952656,11.194053307223955,-5.310397717732742,-8.540500871918471,-18.953294626103027,-7.644500284769997,-4.597441234257024,-11.52667177217628,-12.615566441922041,-1.991944867908053,-1.8328690189172336,-5.89875205891615
J386.C,3.066031870444852,5.037490923149773,4.0029798597966755,7.249568975803319,0.019239453413110837,5.887056406078929,0.8911286516954767,4.2117313801326794,0.949982833213575,2.780619712563814,1.3728913839967616,-0.7759703000240091
J387.B,2.253970556222315,-5.9795154483513855,-0.9641548482190133,6.190668828224343,13.72982299225921,-1.5230817817669093,0.8911286516954767,11.500715328552264,11.574748699054052,-6.764509448379924,-1.8328690189172336,11.570509332362105
J380.B,-3.3330112856286784,-6.951604245836782,-3.7581681214778393,1.7059152620075022,-1.4343900813901251,-6.35578059992724,-4.292520685037441,2.5254738995281465,4.11211553138038,-3.582799728065346,-2.998600074522323,8.001829904819266
J412.A,-16.52088702860255,-12.78413703074916,-4.689505879230781,-4.055747305701631,-6.759132394621859,-6.677960521137931,-3.072838488159108,-2.391266102162846,-7.9988527025985015,-3.582799728065346,-1.8328690189172336,1.756640906619298
J285.B,-13.922290823090464,-3.387278655056995,-3.1372762829758774,-5.79981813700818,-6.118656314492572,-1.200901860556224,-1.8531562912807737,-3.2343948424651088,-8.220201991470171,-5.173654588222635,-3.8728983662261407,-4.517327764383437
J626.B,-14.961729305295295,-13.43219622907276,-4.999951798481762,-8.415924383968003,-19.51842057915828,-10.86629949687688,-4.902361783476607,-10.759092202151997,-8.726143223176868,-6.764509448379924,-2.707167310621051,-5.495836639677443
J329.A,10.666925771567715,17.67464529045993,7.107439052306483,5.069480436670134,-16.159060747107596,12.652834751503386,3.330493045452144,-10.559642392618128,4.428328801197071,10.416723041318805,3.7043534952069437,-1.0637670280516585
J470.A,-9.602124631426605,-8.247722642483978,-4.3790599599797995,-1.2527763268161063,0.6565759449143206,-2.811801466609666,-1.2433151928416073,3.8279415951205373,-0.5678408619064954,-3.900970700096802,-1.5414362550159615,9.32569485374645
J225.A,12.9406974513908,32.255977252740884,8.659668648561388,12.481781469722966,14.21331964098426,16.518993806031652,3.0255724962325607,7.1249073860516186,3.511310318728694,14.552945677727756,1.081458620095491,-1.7256995025152477
J585.A,14.142548196440144,2.4452541298553845,-1.585046686720975,4.228589143004481,9.868128979714973,2.0208973515506647,-0.9383946436220221,0.25899879118872343,9.171527848447278,-3.264628756033886,-3.2900328384235964,-2.2149539401622507
J591.B,-1.5789588469080156,-5.007426650865989,1.208966586537852,1.705915262007505,9.80533720715328,-4.744880993873798,0.8911286516954767,3.1298672617519943,3.764280934582038,-6.446338476348467,0.20716032839167345,-1.3515637560793052
J461.B,32.1703093721803,17.67464529045994,7.417884971557462,11.04915185829259,7.136686873281237,7.175776090921681,3.0255724962325607,-4.425049766046087,20.123334910140457,8.705695561358226,5.3521906891384825,4.279367341194595
J018.A,2.806172249893644,8.601816513929567,7.728330890808445,6.315245316174812,-3.25535148567928,3.6317969576041067,1.500969750134643,1.226028170746876,-6.002753756216965,3.333696230691671,0.6875207399969161,-0.41584926280736134
J482.B,10.731890676705524,11.194053307223955,1.208966586537852,9.118216295060334,16.74382807522058,2.987437115182731,1.500969750134643,3.976017968865381,-12.647187768903711,0.5534229083436047,-3.581465602324867,-7.107498316632273
J018.C,-2.326055255992746,11.194053307223955,0.8985206672868706,-1.346208692778957,1.2656561387627594,14.58591427876752,3.940334143891308,1.0447101620797217,6.357229747078816,13.598432761633385,3.7043534952069437,4.864845569317897
J515.C,-26.49299996725521,-12.136077832425565,-4.999951798481762,-11.872921924593486,-28.208801901696866,-13.443738866562391,-5.207282332696192,-14.134629130172181,-22.766012403037504,-13.446099861040544,-4.164331130127414,-11.136652509019351
J641.A,-21.00346548311091,-16.67249222069075,-6.8626273139876455,-12.090930778506804,-19.119692823391517,-15.054638472615835,-5.207282332696192,-10.372280450328734,-18.97145316523733,-14.082441805103459,-3.2900328384235964,-10.273262324936407
J540.A,-15.806273072086725,-1.1190714609243997,-1.8954926059719552,-8.447068505955622,-10.884551851925217,-3.4561613090310415,-1.8531562912807737,-8.293167284278704,-11.0661214198203,-0.08291903571930781,-2.4157345467197793,0.3752166120865855
J641.B,-24.54405281312114,-13.75622582823456,-4.999951798481762,-11.872921924593486,-20.99402723435811,-13.443738866562391,-5.20728233269619,-10.801399737507667,-20.773868803192418,-10.900732084788878,-3.8728983662261407,-9.64010952327558
J257.A,-18.08004475190981,-11.488018634101968,-6.552181394736665,-8.384780261980389,-11.198510714733692,1.376537509129289,-3.072838488159108,-4.273951425490127,-12.236110518142029,-1.0374319518136843,-0.9585707272134146,-2.9632254330341383
J427.B,-13.532501392263645,-7.275633844998582,-1.5850466867209738,-6.765285918624308,-3.487681044157549,-6.35578059992724,-1.2433151928416073,0.9087216555793588,-11.698547959453668,-9.309877224631588,-2.998600074522323,-2.5027506681898974
J351.B,-17.170536079980575,-4.035337853380593,-3.7581681214778393,-9.537112775522216,-11.983407871754883,-3.1339813878203535,-3.0728384881591073,-8.534924629168241,3.163475721930337,-4.219141672128262,-4.164331130127414,3.8287773484183667
J355.A,-8.302826528670556,-14.080255427396358,-2.516384444473916,0.02413267467618617,-10.824899667991607,-9.899759733244814,-3.0728384881591073,-0.08852739208998807,-17.074173546337246,-8.991706252600133,-4.747196657929958,2.9653871643354193
J651.B,3.195961680720446,23.50717807537232,4.623871698298639,0.30442977256473835,5.095954265026154,11.686294987871321,3.330493045452144,4.429312990533261,-1.1686460745581888,16.46197150991651,1.6643241478980364,-5.294378930058087
J005.A,4.592707141183201,2.4452541298553894,0.5880747480358892,5.162912802632988,5.2215378101495435,3.953976878814797,2.4157313977933947,1.6188838561923788,3.2267183758936766,4.689645544752563,1.9557569117993086,-5.265599257255323
J208.C,14.46737272212916,2.4452541298553845,1.8298584250398127,7.374145463753788,14.043781855067685,2.3430772727613554,1.196049200915062,7.693037146542035,14.136076184569172,0.5534229083436085,2.247189675700582,7.167219393539086
J250.C,7.711022587797714,14.43434929884195,9.59100640631433,2.702527165611248,19.478409770282397,12.975014672714078,14.002712268137566,11.04137637326214,-10.117481610370266,7.235013321004228,1.0814586200954894,-8.546481956770515
J481.A,3.1634792281515574,15.08240849716554,1.5194125057888312,-0.8479027409770854,7.230874532123783,17.807713490874402,5.7698574392088116,-0.1036372261455852,0.00134302376353197,15.507458593822129,1.372891383996763,-4.229531036355788
J610.C,20.83393342563378,14.43434929884195,5.55520945605158,4.415453874930179,4.565363786879832,5.242696563657549,2.1108108485738115,-2.8536270242640867,21.820058641114528,11.053064985381726,3.1214879674043963,7.282338084750148
J466.D,13.850206123320037,23.831207674534117,3.3820880212947153,3.792571435177836,2.8982422253668205,30.69491033930195,3.635413594671727,-5.8755938353833175,-3.1607896744032806,22.18904900648275,1.372891383996763,-7.683091772687569
J243.A,-3.7228007164554953,7.953757315605966,4.002979859796678,1.3633299201437172,4.279661221724119,17.16335364845303,7.294460185306729,0.37987746363349295,-21.184946053954096,7.5531842930356845,2.247189675700582,-12.575636149157592
J530.B,-10.576598208493639,-4.035337853380593,-9.65664058724647,-5.48837691713201,-2.5332461012197833,-4.4227010726631075,-2.462997389719941,0.06559291527708846,-9.801268340553582,-9.309877224631588,-3.5814656023248688,-2.214953940162253
J589.A,-8.497721244083968,-5.655485849189588,-0.653708928968032,-2.2182441084322315,-7.462400247312845,-10.86629949687688,-0.6334740944024411,0.7727331490789922,-7.745882086745158,-7.7190223644743,-2.4157345467197793,-1.2076653920654805
J045.C,-12.103273479231998,-8.895781840807576,-3.4477222022268577,-1.9379470105436791,-9.220569879040305,-4.744880993873798,-2.46299738971994,-2.430551670707393,-16.757960276520564,-8.355364308537213,-3.581465602324867,-7.683091772687572
J288.B,8.555566354589144,4.389431724826181,4.623871698298636,1.6436270180322694,11.660834086351366,13.297194593924763,6.379698537647977,7.741388615519943,8.47585865485058,18.370997342105255,6.618681134219666,4.145353749248778
J350.C,-10.544115755924741,-5.655485849189585,-2.826830363724897,-3.027991280110273,-5.880047578758129,-9.255399890823439,-2.767917938939524,-1.1613256100373168,7.274248229547193,-5.491825560254095,-2.998600074522323,1.6703018882110023
J608.B,-14.214632896210569,-5.9795154483513855,-4.689505879230781,-8.447068505955622,-8.752771173455677,-6.677960521137928,-1.8531562912807737,-1.3940170544934953,-7.80912474070849,-7.400851392442844,-0.667137963312144,-4.805124492411086
J396.A,-11.356177070147268,-10.515929836616571,-4.06861404072882,-5.052359209305374,-5.547251184181151,-10.544119575666192,-3.987600135817858,-7.416796909054128,-4.42564275367,-11.855245000883254,-4.164331130127413,-3.3661408522728453
J348.C,-4.177555052420109,-10.515929836616571,-2.826830363724897,1.083032822255165,-4.88793757228335,-6.677960521137928,-3.987600135817858,-0.4662732434798901,-5.690495832936726,-5.491825560254091,-3.2900328384235964,-1.063767028051656
J599.A,-12.168238384369795,-7.59966344416038,-0.3432630097170527,-3.588585475887377,0.6565759449143206,-2.811801466609666,1.500969750134643,1.5221809182365595,0.5072842554702196,-1.0374319518136803,1.372891383996763,2.8214888003215943
J250.B,14.499855174698057,16.378526893812737,1.208966586537852,6.8446953899643015,-0.36692994784131033,17.48553356966372,1.8058902993542283,-0.9195682651477777,-0.27448711073612087,17.33345206212573,0.6875207399969161,2.7194434036807906
J384.A,-3.9501778844377995,-0.47101226260080936,-0.653708928968032,0.5847268704532934,-0.9320559008965653,0.08781782428653251,-1.2433151928416073,1.9210805373043027,-5.690495832936726,-2.9464577840024293,-1.250003491114688,0.9508100681418791
J216.A,21.2886877615984,10.87002370806216,8.038776810059424,14.381572910967595,-0.4925134929647003,5.887056406078929,-0.6334740944024411,-4.394830097934896,10.752594197530689,9.780381097255894,2.830055203503126,2.3897937082801253
J240.A,13.265521977079814,4.7134613239879775,2.450750263541773,4.571174484868263,-8.718235698546744,0.4099977454972178,0.28128755325631044,-7.809652594499626,-10.749908150003625,-8.037193336505757,-0.37570519941087055,-8.258685228742868
J321.A,-3.982660337006708,11.518082906385755,5.244763536800599,10.42626941854025,25.220717371049385,13.297194593924763,9.733824579063395,13.102357738445455,9.171527848447278,9.144039153192974,5.161517314713305,2.1019969802524763
J446.A,2.871137155031441,10.221964509738559,2.140304344290794,10.924575370342119,10.065923063284309,-1.200901860556224,1.196049200915062,7.587268308152863,5.69318188046379,8.825868181161514,2.247189675700579,1.5264035241971776
J344.C,-14.344562706486172,-14.080255427396358,-4.999951798481762,-5.332656307193926,-12.108991416878274,-7.0001404423486155,-3.6826795865982747,-5.240980805048279,-14.860680657620481,-7.7190223644743,-4.747196657929958,-3.941734308328141
J379.B,-19.054518328976844,-13.75622582823456,-5.310397717732742,-6.858718284587159,-18.23118924164353,-11.18847941808757,-6.122043980354941,-6.419547861384781,-12.805294403812052,-8.991706252600128,-2.1243017828185056,-0.37305488078529964
J013.C,-0.05228357616966206,14.434349298841944,4.313425779047657,-0.34959678917521386,6.477373261383444,12.652834751503386,2.7206519470129775,4.429312990533261,-18.02281335578729,4.689645544752563,-2.4157345467197793,-12.000042693102296
J315.A,28.369862421618848,13.786290100518348,7.107439052306483,13.104663909475306,-3.0136031613167513,-1.200901860556224,-3.0728384881591073,-4.231643890134456,24.286522145684636,22.507219978514204,8.950143245429848,10.764678493884697
