Effect,solution,std.error,z.ratio
"vm(PLANT_ID, k_full)_J181.A",1.1043388494908901,3.009734782684626,0.36692231350226845
"vm(PLANT_ID, k_full)_J250.C",1.1896778129264791,2.9426013000307845,0.4042945991065909
"vm(PLANT_ID, k_full)_J251.C",1.8735932301435423,2.9356104828876193,0.6382295066273842
"vm(PLANT_ID, k_full)_J352.A",-0.15328908023860133,3.0518404521346176,-0.05022840565973326
"vm(PLANT_ID, k_full)_J001.A",8.278659658536148,1.5901554908130424,5.2061950585117245
"vm(PLANT_ID, k_full)_J208.B",7.962387857573741,1.5899281012106254,5.008017564763405
"vm(PLANT_ID, k_full)_J008.C",1.2094750915925316,2.958167491631747,0.4088595710060272
"vm(PLANT_ID, k_full)_J344.C",-0.20882351607963803,2.968806566637115,-0.07033921253959659
"vm(PLANT_ID, k_full)_J004.B",1.8262306622017148,2.9343929872052295,0.6223538122414377
"vm(PLANT_ID, k_full)_J301.A",2.293747744093146,2.9803420925642032,0.769625658012859
"vm(PLANT_ID, k_full)_J013.C",2.5509445767100805,3.1756322983218155,0.8032871368823602
"vm(PLANT_ID, k_full)_J018.C",2.643631933100424,2.9569607590837004,0.8940368670701027
"vm(PLANT_ID, k_full)_J384.C",-0.13683883061569513,2.9300521450617807,-0.0467018414147745
"vm(PLANT_ID, k_full)_J488.C",-0.1718363527350932,2.912351748587767,-0.059002609426700825
"vm(PLANT_ID, k_full)_J022.C",1.7850040722457976,2.9415830751761503,0.6068174947392593
"vm(PLANT_ID, k_full)_J428.B",-2.9683471768909526,2.7322682982168045,-1.0864039885205357
"vm(PLANT_ID, k_full)_J065.A",2.199100651200349,2.9624286009426863,0.7423303469661898
"vm(PLANT_ID, k_full)_J584.A",2.019591655769779,2.8300243304532886,0.7136304921612806
"vm(PLANT_ID, k_full)_J311.A",1.2671437936906977,2.952511790750541,0.4291748461971711
"vm(PLANT_ID, k_full)_J016.B",2.460809845789714,3.0617651353001345,0.8037226034806517
"vm(PLANT_ID, k_full)_J352.B",-0.07697402301104721,2.931870053018553,-0.026254241019924258
"vm(PLANT_ID, k_full)_J001.B",2.862168226307737,2.8462221893692696,1.005602527096453
"vm(PLANT_ID, k_full)_J208.C",1.6422883131491224,1.5923277009366994,1.031375835629207
"vm(PLANT_ID, k_full)_J008.D",2.6764322958373783,2.967092244857676,0.9020387891464966
"vm(PLANT_ID, k_full)_J005.B",2.002489725649359,2.928156844503247,0.6838737922828295
"vm(PLANT_ID, k_full)_J065.B",2.164649134404726,2.977732044843247,0.7269455752922446
"vm(PLANT_ID, k_full)_J584.B",2.0519070563585364,2.8687459576016203,0.7152627268794508
"vm(PLANT_ID, k_full)_J020.B",2.541948453897112,2.9690890306151694,0.8561374979619397
"vm(PLANT_ID, k_full)_J386.B",-0.19673260823570332,2.908860564982057,-0.06763218925102271
"vm(PLANT_ID, k_full)_J525.B",-3.4447489988595543,2.8503510409165482,-1.2085350012719394
"vm(PLANT_ID, k_full)_J022.D",1.7176996591000033,2.9516278032704806,0.5819499522252594
"vm(PLANT_ID, k_full)_J430.A",-2.1690109292786346,1.6123269935590678,-1.3452673917532925
"vm(PLANT_ID, k_full)_J348.A",-0.14371975839370796,2.956779799407545,-0.04860685209717184
"vm(PLANT_ID, k_full)_J005.D",2.1966478640904246,2.8922789288423942,0.7594868676686073
"vm(PLANT_ID, k_full)_J316.A",1.798806591932752,2.977259148169404,0.6041820689471272
"vm(PLANT_ID, k_full)_J016.C",2.533798829172811,3.0717318369959608,0.8248763120060544
"vm(PLANT_ID, k_full)_J352.C",-0.14164819865778308,3.0317785149128915,-0.04672115656240571
"vm(PLANT_ID, k_full)_J003.B",1.6541246651185568,2.8518742687346776,0.5800131805433556
"vm(PLANT_ID, k_full)_J258.A",-0.20767371290558803,3.0481576135399084,-0.06813089716329035
"vm(PLANT_ID, k_full)_J009.C",1.7101928833998519,2.942238163671418,0.5812557611807397
"vm(PLANT_ID, k_full)_J023.B",2.5759567899357765,3.0653664837121513,0.8403421919118458
"vm(PLANT_ID, k_full)_J430.B",-2.526799278905192,1.6104538601288907,-1.568998244198665
"vm(PLANT_ID, k_full)_J073.A",1.8366336769448919,2.9471232862827894,0.6231954005770286
"vm(PLANT_ID, k_full)_J585.A",-1.5194618863530813,1.6120800562251922,-0.9425474128816013
"vm(PLANT_ID, k_full)_J020.C",2.334058447924957,2.9479950685494987,0.7917443529080879
"vm(PLANT_ID, k_full)_J394.B",-0.1965372336741051,3.0425444127892813,-0.06459634010532907
"vm(PLANT_ID, k_full)_J538.C",-4.361013700016323,1.610056766785895,-2.708608659011493
"vm(PLANT_ID, k_full)_J348.C",-0.11742103869339039,2.939640600330142,-0.039944011754431206
"vm(PLANT_ID, k_full)_J006.B",-1.682847741454189,1.6000038763760625,-1.0517772902311737
"vm(PLANT_ID, k_full)_J320.A",1.7461802914388376,2.9480911001465238,0.5923087964792032
"vm(PLANT_ID, k_full)_J016.D",2.2914543206689406,2.8584379728681966,0.8016456338808231
"vm(PLANT_ID, k_full)_J353.C",-0.193948729067129,2.975376124208607,-0.06518460892695227
"vm(PLANT_ID, k_full)_J003.D",2.2138704416657227,2.883313043720717,0.7678217412039572
"vm(PLANT_ID, k_full)_J030.C",2.4327548001904775,2.9889029652030747,0.8139289995402006
"vm(PLANT_ID, k_full)_J086.A",4.389317794668512,2.680813813718901,1.637307959324309
"vm(PLANT_ID, k_full)_J585.C",-0.6700546653779367,1.6118455628706385,-0.4157064924908771
"vm(PLANT_ID, k_full)_J396.A",-0.2253137171089418,3.009019966250826,-0.07487943570865628
"vm(PLANT_ID, k_full)_J354.C",-0.173396245371128,3.0139475939685765,-0.057531274172823534
"vm(PLANT_ID, k_full)_J003.E",2.0964723399011826,3.008183887547492,0.6969229336609444
"vm(PLANT_ID, k_full)_J296.A",2.408024342735615,2.9895434108605867,0.8054823134488045
"vm(PLANT_ID, k_full)_J350.B",0.10989139593599653,3.0023993914583693,0.03660119178302207
"vm(PLANT_ID, k_full)_J006.C",-0.06792685881183567,1.6121519801280988,-0.04213427744351889
"vm(PLANT_ID, k_full)_J336.A",1.0406779371048072,2.9676067485723396,0.3506791921151473
"vm(PLANT_ID, k_full)_J016.E",2.548687805692758,3.0832597308407808,0.8266211828342307
"vm(PLANT_ID, k_full)_J021.C",1.3857105988163818,1.602255620874028,0.8648498908435589
"vm(PLANT_ID, k_full)_J026.B",1.5687863500530055,2.860394969411624,0.5484509540917354
"vm(PLANT_ID, k_full)_J458.C",0.5231119324403077,2.9718836117978498,0.17602032945154591
"vm(PLANT_ID, k_full)_J586.A",8.9529082446891,1.606781049246014,5.5719528487657195
"vm(PLANT_ID, k_full)_J018.B",2.6481254014803537,2.9686699543857147,0.8920241866456694
"vm(PLANT_ID, k_full)_J003.F",2.4232876159707795,2.921152829715802,0.8295655028109366
"vm(PLANT_ID, k_full)_J299.A",2.4705806292123578,2.781947273892395,0.8880760079092423
"vm(PLANT_ID, k_full)_J013.B",2.5593561654492363,3.0246902355281646,0.8461548013700408
"vm(PLANT_ID, k_full)_J350.C",-0.24521855143763455,2.9808157458537026,-0.0822655851099593
"vm(PLANT_ID, k_full)_J008.B",2.7958091923967965,2.9391844937851324,0.9512193597606747
"vm(PLANT_ID, k_full)_J204.A",1.858858158500292,1.6190695860049007,1.148102697109564
"vm(PLANT_ID, k_full)_J461.C",0.45286339710686513,3.074119061531553,0.1473148528220129
"vm(PLANT_ID, k_full)_J022.B",1.7511394190344323,2.9497080216775093,0.5936653411677516
"vm(PLANT_ID, k_full)_J425.A",0.3915115061091521,1.6152099373558488,0.24239047634270325
"vm(PLANT_ID, k_full)_J045.C",-0.1751282272769308,3.0182632839642167,-0.05802284651818567
"vm(PLANT_ID, k_full)_J026.C",5.415503706894077,1.594290648732773,3.396810808116203
"vm(PLANT_ID, k_full)_J587.A",1.662618039066811,2.981488090744385,0.5576470502190425
"vm(PLANT_ID, k_full)_J537.C",-2.8880442142066216,2.861285034461865,-1.009352154511859
"vm(PLANT_ID, k_full)_J596.C",1.7394600123723423,1.6122553215543896,1.0788986019257256
"vm(PLANT_ID, k_full)_J601.A",2.343102578048975,1.613813414489838,1.4519042641553959
"vm(PLANT_ID, k_full)_J597.A",-0.7738339314797534,1.6134102146822749,-0.479626275102109
"vm(PLANT_ID, k_full)_J601.B",3.5213880598010983,1.6151221826542506,2.1802610957978046
"vm(PLANT_ID, k_full)_J597.B",3.2528320691263333,1.6109781250435504,2.019165883483612
"vm(PLANT_ID, k_full)_J602.A",0.5606033912518683,2.8917155519939706,0.19386533051817859
"vm(PLANT_ID, k_full)_J597.C",1.8157123368458035,1.6140650287093834,1.1249313407760644
"vm(PLANT_ID, k_full)_J602.B",2.8817886319879302,1.6144474732354288,1.7849999332667603
"vm(PLANT_ID, k_full)_J598.A",2.2350539561270613,1.606475519979781,1.391277942508076
"vm(PLANT_ID, k_full)_J598.B",-1.381167145021569,1.6165380922414199,-0.8543981435701921
"vm(PLANT_ID, k_full)_J599.B",-2.4790341716475615,1.6135656186520901,-1.5363702244216446
"vm(PLANT_ID, k_full)_J599.C",0.31263774923598103,1.6136880842507362,0.19374112772304708
"vm(PLANT_ID, k_full)_J600.A",2.01387350019211,1.6140400312136927,1.2477221514002717
"vm(PLANT_ID, k_full)_J600.B",0.3534380617427327,1.6139466224037897,0.2189899324032953
"vm(PLANT_ID, k_full)_J646.A",-4.339664475845398,1.6127375888907705,-2.690868313443471
"vm(PLANT_ID, k_full)_J646.B",-4.124057917836404,2.8732384520176586,-1.4353343750291205
"vm(PLANT_ID, k_full)_J646.C",-4.014070908669463,1.611832917388164,-2.4903765553900694
"vm(PLANT_ID, k_full)_J647.B",-5.9352210432208965,1.5660169634983256,-3.7900106969225957
"vm(PLANT_ID, k_full)_J647.C",-6.148055260788437,1.5689089792195083,-3.9186819262433796
"vm(PLANT_ID, k_full)_J649.A",-2.590631037454849,2.822508197519945,-0.9178471260884771
"vm(PLANT_ID, k_full)_J649.B",-1.325535651812837,1.6143957356262724,-0.8210723198538566
"vm(PLANT_ID, k_full)_J649.C",-2.163507385328542,1.612655728138099,-1.3415804424831776
"vm(PLANT_ID, k_full)_J650.A",1.5661453834427856,2.95927253165146,0.529233237794688
"vm(PLANT_ID, k_full)_J650.B",1.4365833392760772,2.989291126481413,0.48057659106860817
"vm(PLANT_ID, k_full)_J650.C",1.328341795063451,2.923624917767656,0.4543475419814492
"vm(PLANT_ID, k_full)_J651.A",2.555180328420018,2.984542221082113,0.8561381073354626
"vm(PLANT_ID, k_full)_J651.C",2.4902302244218424,3.0216042040409095,0.8241417658512522
"vm(PLANT_ID, k_full)_J652.B",2.6137073827101913,2.990583567952473,0.8739790490120586
"vm(PLANT_ID, k_full)_J209.A",1.270967300351711,2.9882487510469873,0.4253217875206689
"vm(PLANT_ID, k_full)_J210.A",1.6498058797174209,3.1637624580772163,0.5214695798369433
"vm(PLANT_ID, k_full)_J211.A",1.8000361518787904,2.9375951004551277,0.6127584266463091
"vm(PLANT_ID, k_full)_J215.A",1.1505137925533562,2.934903863602694,0.39201072540109083
"vm(PLANT_ID, k_full)_J216.A",1.7964542155570689,2.9432199774499153,0.6103703526481106
"vm(PLANT_ID, k_full)_J218.A",1.728574089030591,2.9482352507887684,0.5863080595648295
"vm(PLANT_ID, k_full)_J219.A",1.1646784464412223,2.9728512828253097,0.39177151348598455
"vm(PLANT_ID, k_full)_J220.A",1.1719083745340804,2.9273873640096317,0.4003256927805146
"vm(PLANT_ID, k_full)_J222.A",1.717936119582418,2.9372620568695993,0.5848766934378734
"vm(PLANT_ID, k_full)_J224.A",1.6004216421942163,2.946648997400427,0.5431327733999298
"vm(PLANT_ID, k_full)_J225.A",1.340326617895724,2.9547612459247428,0.45361587835373346
"vm(PLANT_ID, k_full)_J226.A",1.6709948963277559,2.963047255134837,0.5639447340679402
"vm(PLANT_ID, k_full)_J228.A",1.2908928205366696,2.9765246252977513,0.43369129540043283
"vm(PLANT_ID, k_full)_J229.A",1.5589535443408156,3.0095816751054185,0.5179967559066856
"vm(PLANT_ID, k_full)_J230.A",1.611431951454078,2.9699798436606906,0.5425733628777375
"vm(PLANT_ID, k_full)_J231.A",1.3801003701107588,2.8941704947395954,0.47685524146528696
"vm(PLANT_ID, k_full)_J234.A",1.2293038670573675,2.9941735264683156,0.4105653383781516
"vm(PLANT_ID, k_full)_J235.A",1.7082271970440963,2.94336166733154,0.5803660542310384
"vm(PLANT_ID, k_full)_J237.A",1.619684598210705,2.937085702215146,0.5514597674113292
"vm(PLANT_ID, k_full)_J238.A",1.7028851976634904,2.9633542884203252,0.5746478591229289
"vm(PLANT_ID, k_full)_J240.A",1.2009898382532274,2.968478938538338,0.40458088573961315
"vm(PLANT_ID, k_full)_J246.A",2.1077636289582355,2.9878335991542504,0.7054488006142204
"vm(PLANT_ID, k_full)_J206.A",2.6547205653415054,3.0239456948328676,0.8778995502061193
"vm(PLANT_ID, k_full)_J171.A",-2.760651355664065,2.880584993360874,-0.9583648328470675
"vm(PLANT_ID, k_full)_J172.A",-3.927416038946395,1.6167017816723832,-2.429276743224538
"vm(PLANT_ID, k_full)_J186.A",0.5522348099583927,3.0364887280303146,0.18186624730749848
"vm(PLANT_ID, k_full)_J189.A",0.6188338196715442,2.9504864558159687,0.20973959004343343
"vm(PLANT_ID, k_full)_J193.A",1.1007508204390257,3.039114911914259,0.36219453766744597
"vm(PLANT_ID, k_full)_J205.A",5.053426521196005,1.6215369973058888,3.116442319596807
"vm(PLANT_ID, k_full)_J208.A",-1.7811597487698219,1.610896339958775,-1.1056948262824933
"vm(PLANT_ID, k_full)_J250.A",1.2179436167100348,2.9326499455931376,0.4153048059964422
"vm(PLANT_ID, k_full)_J251.A",1.829191275665735,2.919861179021128,0.6264651514285223
"vm(PLANT_ID, k_full)_J270.A",1.626958873333584,3.0287589769719543,0.5371701365818682
"vm(PLANT_ID, k_full)_J273.A",1.6229059688036873,3.0309373581429138,0.5354468855793372
"vm(PLANT_ID, k_full)_J276.A",1.52415536426158,3.1078218997454843,0.49042558210507525
"vm(PLANT_ID, k_full)_J279.A",1.6521960317822582,3.0126371966174745,0.5484218390575901
"vm(PLANT_ID, k_full)_J280.A",1.8158809853207083,3.0453814400077945,0.5962737414318978
"vm(PLANT_ID, k_full)_J294.A",1.2264795142098175,2.9862865178750457,0.4107038982590808
"vm(PLANT_ID, k_full)_J295.A",1.7439791672874416,2.9409247971181407,0.5930036595959185
"vm(PLANT_ID, k_full)_J303.A",1.4671531111754106,3.100238163642029,0.47323883964187485
"vm(PLANT_ID, k_full)_J308.A",1.1217823271478928,2.9540216798923975,0.3797474929800632
"vm(PLANT_ID, k_full)_J312.A",1.3811243118907184,3.0317319493067267,0.4555562084591757
"vm(PLANT_ID, k_full)_J314.A",0.9887264503941974,2.9811757841091904,0.3316565415781546
"vm(PLANT_ID, k_full)_J318.A",1.795036811973053,2.9724911307519863,0.6038829833342316
"vm(PLANT_ID, k_full)_J319.A",0.892076415673803,2.9147934557156523,0.3060513306438643
"vm(PLANT_ID, k_full)_J324.A",1.079249361671786,2.947298016206626,0.366182637703144
"vm(PLANT_ID, k_full)_J326.A",0.9191102098043287,2.91104863942553,0.31573165674954407
"vm(PLANT_ID, k_full)_J329.A",0.8896913035573378,2.924462917548872,0.3042238279783111
"vm(PLANT_ID, k_full)_J330.A",1.6144973425205347,2.9488206334598015,0.5475061196334184
"vm(PLANT_ID, k_full)_J331.A",1.2637484242818793,3.0919763323487617,0.40871866031454923
"vm(PLANT_ID, k_full)_J337.A",0.867630281581563,2.9551142805635964,0.29360295379713347
"vm(PLANT_ID, k_full)_J340.A",0.9278190532759072,2.9257932231150505,0.3171170969792839
"vm(PLANT_ID, k_full)_J343.A",1.4082028791522554,3.0969964073217975,0.4546995520637471
"vm(PLANT_ID, k_full)_J359.A",-0.24309518980770337,2.9745259780192566,-0.0817256906156123
"vm(PLANT_ID, k_full)_J390.A",-0.5663805375602257,2.951667825048833,-0.19188491765697088
"vm(PLANT_ID, k_full)_J395.A",-1.7889244569987606,2.720758661376259,-0.6575094227923388
"vm(PLANT_ID, k_full)_J403.A",-0.26183540988136156,3.018793252832807,-0.08673512491644059
"vm(PLANT_ID, k_full)_J407.A",-0.3013230781544139,3.094584414936367,-0.0973710966487272
"vm(PLANT_ID, k_full)_J424.A",1.729819418011511,3.086269523914405,0.5604887728073505
"vm(PLANT_ID, k_full)_J426.A",-1.9468066167167712,1.6144081921527422,-1.2058949069880465
"vm(PLANT_ID, k_full)_J463.A",0.7299821247585245,2.855433731082043,0.25564667000060404
"vm(PLANT_ID, k_full)_J466.A",0.3461587082563433,3.0667256557543876,0.1128756684207513
"vm(PLANT_ID, k_full)_J477.A",0.3837175293863776,2.965299036743336,0.12940264190278716
"vm(PLANT_ID, k_full)_J483.A",0.5166085738467051,2.985592357747951,0.17303386127246986
"vm(PLANT_ID, k_full)_J484.A",1.7237215111059256,2.9414846472607783,0.5860039122458519
"vm(PLANT_ID, k_full)_J490.A",-0.23082840534305332,2.9213823925995577,-0.07901341704796591
"vm(PLANT_ID, k_full)_J496.A",0.6718869244642478,3.0350992180230216,0.2213723098323936
"vm(PLANT_ID, k_full)_J497.A",0.627020296752958,3.0651103946696807,0.20456695388308532
"vm(PLANT_ID, k_full)_J498.A",0.3700267318687788,2.957170237773789,0.12512865412420138
"vm(PLANT_ID, k_full)_J500.A",0.4558363734102579,3.004685787697682,0.1517084998626559
"vm(PLANT_ID, k_full)_J501.A",0.3364404808806491,2.9806819848440926,0.1128736586430058
"vm(PLANT_ID, k_full)_J502.A",0.35834341542852316,2.985186770110677,0.12004053448730695
"vm(PLANT_ID, k_full)_J503.A",0.4009157435886986,3.0201425241639104,0.13274729267940333
"vm(PLANT_ID, k_full)_J504.A",0.3077949075728282,2.9601379522546716,0.10397992003662788
"vm(PLANT_ID, k_full)_J514.A",1.446058486197524,2.968357367619235,0.4871578139384653
"vm(PLANT_ID, k_full)_J516.A",-5.264884445716015,1.6147494305417627,-3.260496239314108
"vm(PLANT_ID, k_full)_J525.A",-3.736308274669086,2.8477514123256844,-1.312020515027237
"vm(PLANT_ID, k_full)_J530.A",-0.7211374868581731,2.743101404546747,-0.2628912972968746
"vm(PLANT_ID, k_full)_J535.A",1.1805773729907214,3.003154574992512,0.3931124234568129
"vm(PLANT_ID, k_full)_J536.A",-1.1184802181358207,2.7395782178831563,-0.408267305833691
"vm(PLANT_ID, k_full)_J539.A",-1.6724255829326262,2.743009420572489,-0.6097046442456537
"vm(PLANT_ID, k_full)_J540.A",-2.5091021935860165,1.61400466180545,-1.5545817511947562
"vm(PLANT_ID, k_full)_J542.A",-3.6503980163977223,1.6055691152523452,-2.273585099339678
"vm(PLANT_ID, k_full)_J574.A",-2.999261975515507,1.6131602239892908,-1.8592461746288496
"vm(PLANT_ID, k_full)_J576.A",1.146376864313326,3.117730236930633,0.36769597662237774
"vm(PLANT_ID, k_full)_J577.A",0.45477708014973056,3.0637159630469797,0.1484397005580889
"vm(PLANT_ID, k_full)_J578.A",1.1341539877934002,2.954041424222333,0.38393300056446306
"vm(PLANT_ID, k_full)_J018.A",2.6727360961027284,2.9359244067734855,0.9103558967446321
"vm(PLANT_ID, k_full)_J022.A",1.560183892225366,2.9629113507149576,0.5265712360408251
"vm(PLANT_ID, k_full)_J173.A",-3.07055891206144,1.6152260225013895,-1.9010088181382048
"vm(PLANT_ID, k_full)_J418.A",-1.4025132444776272,1.6150202059241667,-0.8684183884096136
"vm(PLANT_ID, k_full)_J305.A",1.3961739950064536,2.968115109506515,0.47039078455369754
"vm(PLANT_ID, k_full)_J323.A",0.9724460441979823,2.896892556420191,0.33568592043319473
"vm(PLANT_ID, k_full)_J481.B",0.4748844316825061,2.9853096204237386,0.15907376187502467
"vm(PLANT_ID, k_full)_J374.B",-0.27360869763257045,2.9907858357295383,-0.09148388171559915
"vm(PLANT_ID, k_full)_J355.C",-0.24273605905253237,2.99070825798237,-0.08116340281759549
"vm(PLANT_ID, k_full)_J384.B",-0.1895417238863859,2.9906002445247584,-0.06337915748967188
"vm(PLANT_ID, k_full)_J542.C",-3.441535832043089,2.751349481403277,-1.2508537556951125
"vm(PLANT_ID, k_full)_J419.B",2.4767236053314736,2.9537318434658024,0.8385065864426526
"vm(PLANT_ID, k_full)_J306.A",1.444063232745608,2.966038319377918,0.4868660068587646
"vm(PLANT_ID, k_full)_J455.A",-0.27215085070353523,2.976934850854067,-0.0914198208353322
"vm(PLANT_ID, k_full)_J073.B",1.909877956620926,2.963801974207083,0.6444013376203661
"vm(PLANT_ID, k_full)_J400.A",-0.08971781900316737,3.0108042533990247,-0.029798622378682083
"vm(PLANT_ID, k_full)_J257.A",-0.3007619406176455,2.9832971670060786,-0.10081528047019148
"vm(PLANT_ID, k_full)_J429.A",-3.0170666879370347,1.6109839244146453,-1.8728099282761574
"vm(PLANT_ID, k_full)_J180.A",1.1816567407391945,2.9767662109106907,0.3969598742447721
"vm(PLANT_ID, k_full)_J385.A",-0.057704933542673455,2.909687420077456,-0.019832004339881068
"vm(PLANT_ID, k_full)_J327.A",1.001393310259739,2.942851871963361,0.3402798896539929
"vm(PLANT_ID, k_full)_J482.C",0.5655204015134023,2.9525385072821093,0.19153701132723888
"vm(PLANT_ID, k_full)_J376.C",-0.24059338119418489,3.0407328679220478,-0.0791234849112542
"vm(PLANT_ID, k_full)_J358.A",-0.2241900213134664,2.917467156534131,-0.07684406003041278
"vm(PLANT_ID, k_full)_J422.A",-0.17247366399388311,2.663378270813911,-0.06475747958294197
"vm(PLANT_ID, k_full)_J603.A",-1.4192995986888548,1.6109643601425667,-0.881024828235958
"vm(PLANT_ID, k_full)_J603.B",-0.06314105853558862,2.8748070668314747,-0.021963581230924404
"vm(PLANT_ID, k_full)_J603.C",-0.25214799809668803,2.7844760619898805,-0.09055491678980158
"vm(PLANT_ID, k_full)_J605.A",-4.545378402106227,1.61216006645371,-2.819433688185043
"vm(PLANT_ID, k_full)_J605.B",-1.5510347079781692,1.6128227174905396,-0.9616895218288412
"vm(PLANT_ID, k_full)_J605.C",-3.6968258970503247,2.7839786791963386,-1.3278930347690383
"vm(PLANT_ID, k_full)_J607.A",-3.917831211795881,2.829739092297514,-1.384520298164636
"vm(PLANT_ID, k_full)_J608.A",-2.4584933679287158,2.8706486615109776,-0.8564243339464181
"vm(PLANT_ID, k_full)_J609.A",1.6936952405981787,2.0822699224629795,0.8133888994539279
"vm(PLANT_ID, k_full)_J609.B",1.6762942314935334,1.6183196808977007,1.035823917412704
"vm(PLANT_ID, k_full)_J609.C",5.608420465664018,1.614475639400844,3.4738340602930293
"vm(PLANT_ID, k_full)_J610.A",1.2234189847654124,2.9787153397813664,0.41072034256727924
"vm(PLANT_ID, k_full)_J610.B",1.0858332899846355,3.01703440168388,0.35990086469634075
"vm(PLANT_ID, k_full)_J610.C",1.2281357226633838,3.006951061626361,0.40843222835795856
"vm(PLANT_ID, k_full)_J612.A",-5.757179204631135,1.611285888142225,-3.5730339643631015
"vm(PLANT_ID, k_full)_J612.C",-4.694314947113582,1.6110462379433088,-2.913830054379091
"vm(PLANT_ID, k_full)_J613.A",-0.3716359130681403,1.6053677465802707,-0.23149581387803095
"vm(PLANT_ID, k_full)_J613.B",0.47528698636256733,1.6135752058585118,0.29455521170436444
"vm(PLANT_ID, k_full)_J613.C",1.5979973130247325,1.6052990181735154,0.9954514984024031
"vm(PLANT_ID, k_full)_J614.A",10.37497563845999,1.6144952127742247,6.426142088481283
"vm(PLANT_ID, k_full)_J614.B",-2.289507645224757,1.6154928251324294,-1.4172193213158193
"vm(PLANT_ID, k_full)_J614.C",4.289149610226214,1.6150275919455257,2.6557748187195584
"vm(PLANT_ID, k_full)_J170.A",-3.447698387881081,1.6068252647985772,-2.145658562515362
"vm(PLANT_ID, k_full)_J190.A",0.7290881747855495,2.9959941763516698,0.24335433644713775
"vm(PLANT_ID, k_full)_J212.A",1.5376590076161323,3.0075872618027932,0.5112599814292458
"vm(PLANT_ID, k_full)_J217.A",1.3815400191800264,2.972685661211171,0.4647447381359323
"vm(PLANT_ID, k_full)_J247.A",1.6723030495391584,2.953406931407615,0.5662284569577166
"vm(PLANT_ID, k_full)_J248.A",1.6471115143380748,3.1032953782567914,0.5307620814565528
"vm(PLANT_ID, k_full)_J003.A",2.4657305547783857,2.91196477828577,0.8467583719298708
"vm(PLANT_ID, k_full)_J005.A",1.297209641626813,2.869907561341116,0.4520039805813897
"vm(PLANT_ID, k_full)_J006.A",-2.5883600988989586,1.6054120104931529,-1.6122715427448822
"vm(PLANT_ID, k_full)_J008.A",2.5514073349244675,3.0798328134060213,0.8284239728269008
"vm(PLANT_ID, k_full)_J013.A",2.5031603913297835,3.0416284487667076,0.8229671813941452
"vm(PLANT_ID, k_full)_J016.A",2.526707836247078,3.033705559237429,0.83287840131796
"vm(PLANT_ID, k_full)_J019.A",1.0852119234217643,3.0946113369126156,0.350677938284955
"vm(PLANT_ID, k_full)_J024.A",-0.13893195806181521,2.951216568252348,-0.04707616498103627
"vm(PLANT_ID, k_full)_J026.A",2.2412249344655812,2.8107445088568817,0.7973776796159529
"vm(PLANT_ID, k_full)_J029.A",-0.6335050158741471,2.9053401161102466,-0.2180484867714221
"vm(PLANT_ID, k_full)_J036.A",-0.1584698737129626,3.0521373615353005,-0.05192095077701494
"vm(PLANT_ID, k_full)_J037.A",-0.2528969698607194,2.9987533549853973,-0.08433403482159703
"vm(PLANT_ID, k_full)_J041.A",1.5914217983753138,3.0412072539198998,0.5232862036364291
"vm(PLANT_ID, k_full)_J188.A",1.0567489570051667,3.0586864193076324,0.345491107010693
"vm(PLANT_ID, k_full)_J422.B",-1.6143469633228766,1.6151933875280435,-0.9994759610758052
"vm(PLANT_ID, k_full)_J379.A",-0.14816821630484242,2.998025879081631,-0.049421927054955905
"vm(PLANT_ID, k_full)_J534.C",-0.7259083081410705,1.6195872404411165,-0.44820574651067246
"vm(PLANT_ID, k_full)_J306.C",1.340062799286746,2.9815179478227307,0.4494565596243799
"vm(PLANT_ID, k_full)_J465.B",0.7050017120224186,2.948172357670301,0.23913178284444797
"vm(PLANT_ID, k_full)_J365.B",-0.16656631046678383,2.968038143364024,-0.05612000332246229
"vm(PLANT_ID, k_full)_J517.A",-2.8191607236726335,1.6181545041461973,-1.7422073828235176
"vm(PLANT_ID, k_full)_J351.B",-0.22984483957921906,3.0190362091794247,-0.07613185919412704
"vm(PLANT_ID, k_full)_J483.C",0.6529250616157503,3.0589634542262516,0.21344650610770508
"vm(PLANT_ID, k_full)_J427.A",1.1887883218524857,1.6132941356762271,0.7368701686591045
"vm(PLANT_ID, k_full)_J169.A",0.6302576680580203,1.6159356519757377,0.39002646379354916
"vm(PLANT_ID, k_full)_J415.B",-0.2254856983013078,2.9459730335229213,-0.07654031307668227
"vm(PLANT_ID, k_full)_J264.A",-0.17181282987090862,2.995911546346335,-0.05734909966899491
"vm(PLANT_ID, k_full)_J434.B",-4.609808960502362,2.2481197426747332,-2.050517538277465
"vm(PLANT_ID, k_full)_J027.B",3.1806243743461806,2.83419689109717,1.1222312692308762
"vm(PLANT_ID, k_full)_J387.C",-0.09137379245920746,2.9236381173909045,-0.03125345504140256
"vm(PLANT_ID, k_full)_J191.A",0.7945415613783571,2.843599362502488,0.2794140313349652
"vm(PLANT_ID, k_full)_J353.B",-0.2792581464397903,3.021813613126091,-0.09241408709880536
"vm(PLANT_ID, k_full)_J489.B",-0.16904942514415805,2.9139792498313066,-0.058013256324301044
"vm(PLANT_ID, k_full)_J381.A",-0.22272572707351662,3.0342222019411267,-0.07340455386920215
"vm(PLANT_ID, k_full)_J537.B",-2.79400362245769,2.8142642402088294,-0.9928007407898428
"vm(PLANT_ID, k_full)_J307.A",1.1312127487995318,2.996676150202162,0.37748915535074345
"vm(PLANT_ID, k_full)_J469.A",0.38934160963490455,2.959901602168438,0.13153870025600548
"vm(PLANT_ID, k_full)_J371.A",-0.24589751581445013,3.0080290017783704,-0.0817470561849881
"vm(PLANT_ID, k_full)_J521.A",-1.9165539274530303,1.6097775380847081,-1.1905706733449148
"vm(PLANT_ID, k_full)_J393.A",-0.3238515487076416,2.9654559612419966,-0.10920801149648691
"vm(PLANT_ID, k_full)_J194.A",4.124166162742038,1.615446298845562,2.5529577589111256
"vm(PLANT_ID, k_full)_J427.B",-1.9449195810131588,1.6133684130991282,-1.2055024538859989
"vm(PLANT_ID, k_full)_J416.B",-0.17204135047069646,1.6159730113396529,-0.10646300975538756
"vm(PLANT_ID, k_full)_J293.A",1.099398737868509,2.9374153916323684,0.3742741802879829
"vm(PLANT_ID, k_full)_J446.A",2.453259715467351,3.1309556579463647,0.7835498114580379
"vm(PLANT_ID, k_full)_J028.C",2.1576365585958963,3.0002000500918484,0.7191642299085497
"vm(PLANT_ID, k_full)_J374.A",-0.2602677943203307,3.021488143424704,-0.08613894278775171
"vm(PLANT_ID, k_full)_J525.C",-3.694098021819013,2.8624019679803108,-1.2905587905340705
"vm(PLANT_ID, k_full)_J355.A",-0.2873477384166966,2.9695200681569314,-0.09676571695810847
"vm(PLANT_ID, k_full)_J489.C",-0.15006524627545095,2.927040244096689,-0.05126859686268592
"vm(PLANT_ID, k_full)_J384.A",-0.18261770998942012,2.934393418708553,-0.062233546744318774
"vm(PLANT_ID, k_full)_J538.B",-3.3309600399116905,1.460163334988326,-2.281224271350658
"vm(PLANT_ID, k_full)_J313.A",1.4722460186865156,3.1452542010653066,0.4680849065197534
"vm(PLANT_ID, k_full)_J470.A",-0.33607271949376744,2.931726605871708,-0.11463303529758734
"vm(PLANT_ID, k_full)_J450.B",-3.1300629361630805,1.6116227096342925,-1.9421809567782466
"vm(PLANT_ID, k_full)_J029.B",-0.640143264221083,2.9263083817461313,-0.21875454692820476
"vm(PLANT_ID, k_full)_J394.A",-0.08575507724444803,3.044171322704547,-0.028170253298444536
"vm(PLANT_ID, k_full)_J177.A",1.3016564478203347,2.990978177501616,0.4351942309748368
"vm(PLANT_ID, k_full)_J615.A",1.51605424792475,3.0047232986635466,0.5045570248012744
"vm(PLANT_ID, k_full)_J617.A",-4.22249791061559,2.7896062203016516,-1.5136537479325645
"vm(PLANT_ID, k_full)_J619.A",-5.5362116005722015,1.614515008201127,-3.4290245506857078
"vm(PLANT_ID, k_full)_J621.A",2.112102537846521,1.6142430674817663,1.3084166693318495
"vm(PLANT_ID, k_full)_J621.B",0.40077485022980974,1.6183497542698058,0.24764415057524947
"vm(PLANT_ID, k_full)_J621.C",-2.5898745268086723,1.614040561219302,-1.604590732746017
"vm(PLANT_ID, k_full)_J625.B",-3.4874368499944715,1.6141502652694186,-2.1605403939343786
"vm(PLANT_ID, k_full)_J626.B",-5.459925671295395,1.6149478497348067,-3.380868101834978
"vm(PLANT_ID, k_full)_J635.A",-5.831481515100842,2.9705408691986355,-1.9631042870229907
"vm(PLANT_ID, k_full)_J635.B",-9.538784197338982,1.6145239153691122,-5.908109571209558
"vm(PLANT_ID, k_full)_J635.C",-6.0405809917451,2.8115325403258358,-2.1485011840001826
"vm(PLANT_ID, k_full)_J636.B",-0.16966714666434893,3.0068853997639646,-0.05642620988404397
"vm(PLANT_ID, k_full)_J636.C",-0.28561398436694996,2.8002736335232474,-0.10199502682443082
"vm(PLANT_ID, k_full)_J640.B",-4.107716779142842,2.9514432865751985,-1.3917654450034722
"vm(PLANT_ID, k_full)_J640.C",-4.035508017638961,1.6133748435491144,-2.5012835881100135
"vm(PLANT_ID, k_full)_J641.A",-7.165137518936422,1.611703750130136,-4.445691410941917
"vm(PLANT_ID, k_full)_J641.B",-5.444912939629245,1.6081457514678366,-3.385832990983184
"vm(PLANT_ID, k_full)_J641.C",-4.1482881354794845,1.6097962104998058,-2.5769026591207678
"vm(PLANT_ID, k_full)_J644.B",-3.171316089876776,1.613687487499817,-1.9652603830933129
"vm(PLANT_ID, k_full)_J644.C",-5.740217236681408,1.61299969985934,-3.558721825665546
"vm(PLANT_ID, k_full)_J645.B",-3.399264983938564,1.5869530009972355,-2.142007344768546
"vm(PLANT_ID, k_full)_J645.C",-3.4252350297830247,1.5857464358726705,-2.160014332870339
"vm(PLANT_ID, k_full)_J175.A",-2.2188476351755906,1.6170669399024256,-1.372143342012469
"vm(PLANT_ID, k_full)_J185.A",0.47247987101251376,3.1006641180821295,0.1523802169532504
"vm(PLANT_ID, k_full)_J192.A",1.6069974515891465,1.616557660053882,0.9940860702336984
"vm(PLANT_ID, k_full)_J249.C",1.7340042622596124,2.9659152903395007,0.5846438932047602
"vm(PLANT_ID, k_full)_J250.B",1.2989023758596978,2.924764918120441,0.4441048809811419
"vm(PLANT_ID, k_full)_J251.B",1.8839054096153698,2.9486847221771235,0.6388968598258319
"vm(PLANT_ID, k_full)_J326.B",0.9024339060456198,2.90136732349265,0.31103745421633644
"vm(PLANT_ID, k_full)_J339.A",0.8450619655572685,3.0315638525319186,0.27875446689057365
"vm(PLANT_ID, k_full)_J341.A",2.2893457087054916,3.036807658945282,0.7538658900447477
"vm(PLANT_ID, k_full)_J365.A",-0.3417021853889347,2.941304258803193,-0.1161736955183182
"vm(PLANT_ID, k_full)_J376.A",-0.3456958273046636,3.0534909995635764,-0.11321331137182737
"vm(PLANT_ID, k_full)_J376.B",-0.24775313726075876,3.0791234803823686,-0.08046222856577111
"vm(PLANT_ID, k_full)_J378.A",-0.20304047020592728,2.9958956332276423,-0.06777287831858837
"vm(PLANT_ID, k_full)_J385.B",-0.2761021209445187,2.981083580362225,-0.09261804089067846
"vm(PLANT_ID, k_full)_J386.A",-0.21924999239654436,2.92566640013109,-0.07494018880167624
"vm(PLANT_ID, k_full)_J393.B",-0.16875359822350042,2.962527291051468,-0.0569627151564926
"vm(PLANT_ID, k_full)_J403.B",-0.09208404983050353,3.0311176285222827,-0.030379569886700816
"vm(PLANT_ID, k_full)_J441.A",2.611833153281278,3.0340358192976553,0.8608445347510392
"vm(PLANT_ID, k_full)_J466.B",0.5211607839024189,3.041862913682793,0.1713294775902468
"vm(PLANT_ID, k_full)_J466.C",0.48262999439643406,3.0416320041706153,0.15867468310915422
"vm(PLANT_ID, k_full)_J470.B",-0.17970561715889624,2.932666786385036,-0.06127720271296526
"vm(PLANT_ID, k_full)_J471.C",-0.23872607226621032,2.922340349816877,-0.08169003048572684
"vm(PLANT_ID, k_full)_J477.C",0.5156151648704501,2.984798647361313,0.1727470512378701
"vm(PLANT_ID, k_full)_J481.C",0.45653054081559397,2.976865910847031,0.15335945739178214
"vm(PLANT_ID, k_full)_J482.A",0.4865149923470061,3.0093903906189503,0.1616656296449937
"vm(PLANT_ID, k_full)_J482.B",0.5125895494494123,2.9627407930519705,0.17301194578057735
"vm(PLANT_ID, k_full)_J484.B",1.8010279757098482,2.9622940741119574,0.6079841942261468
"vm(PLANT_ID, k_full)_J488.B",-0.2494412979765667,2.922352324176696,-0.08535633979275271
"vm(PLANT_ID, k_full)_J490.C",-0.2619468431588681,2.923297055249026,-0.08960664558140628
"vm(PLANT_ID, k_full)_J491.B",-0.2437250520426058,2.971437919464091,-0.08202259601188722
"vm(PLANT_ID, k_full)_J496.C",0.7098445211419485,3.003201416474151,0.2363626086642325
"vm(PLANT_ID, k_full)_J497.B",0.7002881383117907,3.07489607611012,0.2277436768522227
"vm(PLANT_ID, k_full)_J498.B",0.4088738286113885,2.959286127763789,0.13816637221232733
"vm(PLANT_ID, k_full)_J498.C",0.36395748832412955,2.9748472765431853,0.1223449321899487
"vm(PLANT_ID, k_full)_J499.A",0.4325495284635354,3.0144321640914806,0.14349287192996146
"vm(PLANT_ID, k_full)_J499.C",0.4841471231009144,3.101770565498946,0.15608734201236293
"vm(PLANT_ID, k_full)_J500.B",0.3628437219311644,3.005696134606086,0.12071869732723901
"vm(PLANT_ID, k_full)_J500.C",0.35571433235130184,2.9806126838839275,0.11934268892923837
"vm(PLANT_ID, k_full)_J502.C",0.3305267360192819,3.0500573389867704,0.1083673843748403
"vm(PLANT_ID, k_full)_J504.C",0.3454477571549383,2.953621335800305,0.11695736111052189
"vm(PLANT_ID, k_full)_J526.B",-3.8973590571403816,2.788860533111416,-1.397473631566746
"vm(PLANT_ID, k_full)_J530.B",-0.8390560973601644,2.6281777618729096,-0.3192539369035033
"vm(PLANT_ID, k_full)_J536.C",-6.236372272196993,1.6174141783562856,-3.855767035834181
"vm(PLANT_ID, k_full)_J576.B",1.1747728192640274,2.987531412657785,0.3932252609250121
"vm(PLANT_ID, k_full)_J576.C",0.9409027011227769,3.0861310186014204,0.30488099677283864
"vm(PLANT_ID, k_full)_J577.B",0.5344891225643604,3.076303136433649,0.17374397088317908
"vm(PLANT_ID, k_full)_J431.A",-0.37614968826132816,1.6125313336494003,-0.23326659173192313
"vm(PLANT_ID, k_full)_J011.B",2.6094927282376905,3.0014745081483367,0.8694035951841328
"vm(PLANT_ID, k_full)_J386.C",-0.13650241967705515,2.9174692561182636,-0.04678795479705368
"vm(PLANT_ID, k_full)_J182.A",1.1882390636237508,2.949372523403616,0.4028785967845482
"vm(PLANT_ID, k_full)_J086.B",1.9475063930293437,3.011516763917334,0.6466862201676931
"vm(PLANT_ID, k_full)_J407.B",0.025348895707405922,2.9945830712747674,0.008464916518951374
"vm(PLANT_ID, k_full)_J259.A",-0.06088101716059535,2.910117694322297,-0.02092046561531705
"vm(PLANT_ID, k_full)_J306.B",1.371216617382518,3.0236265171528767,0.4535006587631366
"vm(PLANT_ID, k_full)_J461.B",0.4448409475565023,2.9580351192030427,0.1503839304235008
"vm(PLANT_ID, k_full)_J359.B",-0.20889810122200222,2.9683025071409794,-0.07037628433067271
"vm(PLANT_ID, k_full)_J516.C",-1.7816712920280322,1.6143220486890457,-1.1036653395615126
"vm(PLANT_ID, k_full)_J335.A",0.983009824865189,2.9288013938372313,0.335635535729269
"vm(PLANT_ID, k_full)_J483.B",0.578840249840545,2.9798739479598453,0.19424991122085716
"vm(PLANT_ID, k_full)_J378.B",-0.20354287809980628,2.971158100914517,-0.06850624274660987
"vm(PLANT_ID, k_full)_J534.A",-0.23938701873897808,1.5872392532550041,-0.1508197445646957
"vm(PLANT_ID, k_full)_J409.B",-0.20652032673427975,2.9617371441082088,-0.06972945831641783
"vm(PLANT_ID, k_full)_J433.B",-4.6765027701810435,1.6114707579665783,-2.902009079011804
"vm(PLANT_ID, k_full)_J027.A",1.881341558922475,2.9321724397595554,0.6416203676877711
"vm(PLANT_ID, k_full)_J387.A",-0.1595738892268329,2.9321867292983645,-0.054421462191467235
"vm(PLANT_ID, k_full)_J223.A",2.655427422365833,3.025801346303093,0.8775947653041464
"vm(PLANT_ID, k_full)_J241.A",1.247413168269153,2.946881125153559,0.4232994529781555
"vm(PLANT_ID, k_full)_J245.A",2.3240673068718762,2.9629099122597786,0.7843867602101124
"vm(PLANT_ID, k_full)_J368.A",-0.20512318602340132,3.029029926606295,-0.06771910182254949
"vm(PLANT_ID, k_full)_J368.B",-0.2870879748998193,3.003132636490976,-0.09559616895085546
"vm(PLANT_ID, k_full)_J368.C",-0.2931324391661721,3.055453776647062,-0.09593744844271361
"vm(PLANT_ID, k_full)_J395.B",-0.2645791761942595,2.998936976626192,-0.08822432023626967
"vm(PLANT_ID, k_full)_J420.A",-0.2381907244125596,2.988459159982496,-0.07970352334142479
"vm(PLANT_ID, k_full)_J433.A",-3.6769994574865166,1.6150426459975549,-2.2767197303420827
"vm(PLANT_ID, k_full)_J501.C",0.42840528315063275,2.9672597637568714,0.14437741123420397
"vm(PLANT_ID, k_full)_J504.B",0.4111297966103021,2.954358794167467,0.13916041525557418
"vm(PLANT_ID, k_full)_J515.A",-6.136977023698113,1.6099270252719136,-3.811959751816446
"vm(PLANT_ID, k_full)_J541.C",-3.691455154407246,2.8157516609623845,-1.3110016787295646
"vm(PLANT_ID, k_full)_J574.C",-0.4998013248617603,1.6109977344135133,-0.3102433443481619
"vm(PLANT_ID, k_full)_J580.A",-0.33873070260219657,2.9541116064489756,-0.11466415211352551
"vm(PLANT_ID, k_full)_J584.C",2.785722929292666,1.6176463199217073,1.7220840519870209
"vm(PLANT_ID, k_full)_J587.B",1.6399218465579832,2.985113567519568,0.5493666520435435
"vm(PLANT_ID, k_full)_J592.C",-0.04433739239825243,1.6132372528179033,-0.02748349154521854
"vm(PLANT_ID, k_full)_J596.B",-0.1945178886979168,1.6145131697539408,-0.12048083121400752
"vm(PLANT_ID, k_full)_J602.C",5.603701776077469,1.6069657938818775,3.487131958509739
"vm(PLANT_ID, k_full)_J627.A",-3.9697530251405775,2.95654697179057,-1.3426991226648364
"vm(PLANT_ID, k_full)_J634.A",-5.457691458413604,2.8454429127696215,-1.9180463729990427
"vm(PLANT_ID, k_full)_J638.A",-6.624147532381014,1.6147033158128303,-4.102392970591296
"vm(PLANT_ID, k_full)_J639.A",-4.262723283484748,2.911131665912514,-1.4642839186555885
"vm(PLANT_ID, k_full)_J643.A",-4.504908950403689,1.6110338144532876,-2.7962845410122275
"vm(PLANT_ID, k_full)_J652.C",2.555571091303687,3.0179274091586543,0.8467967398911479
"vm(PLANT_ID, k_full)_J653.B",1.166662705802136,3.0691738800078183,0.3801227142592403
"vm(PLANT_ID, k_full)_J653.C",1.6269688724744746,2.8885722224954016,0.5632432728543504
"vm(PLANT_ID, k_full)_J656.A",-0.3670225792905818,3.018878387189773,-0.12157580803784461
"vm(PLANT_ID, k_full)_J656.B",-0.3082846285632161,2.9505877242368244,-0.10448244803260494
"vm(PLANT_ID, k_full)_J656.C",-0.34966979737784926,2.9721108445214,-0.1176503218318416
"vm(PLANT_ID, k_full)_J657.A",-0.2968110401399709,2.957715138089483,-0.10035146262655101
"vm(PLANT_ID, k_full)_J657.B",-0.3231897398444087,2.9634006323765947,-0.10906042750797966
"vm(PLANT_ID, k_full)_J657.C",-0.3195109201222244,2.9634707092858577,-0.10781645964006192
"vm(PLANT_ID, k_full)_J658.A",-0.26422474701278426,2.907390450398229,-0.09088037933693875
"vm(PLANT_ID, k_full)_J658.B",-0.26185925020067913,2.911175637465716,-0.0899496570494239
"vm(PLANT_ID, k_full)_J660.A",1.8725848362101114,3.040133840008989,0.6159547357969525
"vm(PLANT_ID, k_full)_J660.B",1.8008249338770672,3.0247507127112363,0.5953630910174733
"vm(PLANT_ID, k_full)_J660.C",1.8326243742114643,3.051211619743413,0.600621852103977
"vm(PLANT_ID, k_full)_J661.A",-2.2724841373877602,1.6161035846687373,-1.4061500506191658
"vm(PLANT_ID, k_full)_J661.B",2.5344524740562346,1.6159560102889847,1.5683919970092461
"vm(PLANT_ID, k_full)_J662.D",1.6729822295016306,2.9377704727738263,0.5694734306189722
"vm(PLANT_ID, k_full)_J662.E",1.70633847234517,2.939942418689576,0.5803986028766298
"vm(PLANT_ID, k_full)_J662.F",0.9494201694766323,2.8311143203719276,0.33535211299835666
"vm(PLANT_ID, k_full)_J662.A",0.07131240217055604,2.8609531708300433,0.024926099069935596
"vm(PLANT_ID, k_full)_J662.B",-2.554711650088279,1.6151403057153586,-1.5817273837128203
"vm(PLANT_ID, k_full)_J662.C",0.11280547121176407,2.867994219494712,0.03933253088342637
"vm(PLANT_ID, k_full)_J663.A",0.9200834076062248,1.6136576360005652,0.5701850176141716
"vm(PLANT_ID, k_full)_J663.B",0.6715684417659963,1.6066568448293246,0.4179912119549941
"vm(PLANT_ID, k_full)_J663.C",0.6698765579467972,2.801647060788911,0.23910098003499694
"vm(PLANT_ID, k_full)_J664.F",-3.0379861600439866,2.8847610081212407,-1.053115371253072
"vm(PLANT_ID, k_full)_J664.A",-4.973440113560856,1.5631253614802896,-3.181728245296319
"vm(PLANT_ID, k_full)_J664.B",-2.8090357838673334,2.858043812948093,-0.9828525969900344
"vm(PLANT_ID, k_full)_J664.C",-1.313210958730002,1.6083109972199368,-0.8165155625995015
"vm(PLANT_ID, k_full)_J664.D",-2.9349919982733996,2.8683339302054223,-1.0232392983836451
"vm(PLANT_ID, k_full)_J664.G",-3.1714998933697505,2.8638699792012843,-1.1074175561050652
"vm(PLANT_ID, k_full)_J664.E",-3.7721814724825498,1.5686535899170349,-2.404725617388896
"vm(PLANT_ID, k_full)_J665.D",-1.5803632862179222,1.6127665269488436,-0.9799082879080927
"vm(PLANT_ID, k_full)_J665.A",-2.4396496669697907,1.613185326494222,-1.512318285383641
"vm(PLANT_ID, k_full)_J665.B",-3.2400419514215555,1.6123462415301797,-2.0095199579134
"vm(PLANT_ID, k_full)_J665.C",-1.3283912702677658,1.6123524464741739,-0.8238839300753612
"vm(PLANT_ID, k_full)_J665.E",-2.3404044907366397,2.5906288989216506,-0.9034117127740037
"vm(PLANT_ID, k_full)_J665.F",-2.895686657955238,2.8299836766058437,-1.0232167350972834
"vm(PLANT_ID, k_full)_J665.G",-2.8881302004347362,2.8168551321013715,-1.0253030649397272
"vm(PLANT_ID, k_full)_J665.H",-2.970696176690228,1.6145270054404204,-1.8399792426388455
"vm(PLANT_ID, k_full)_J666.A",0.06714773809354349,2.8812406678242795,0.02330514727332687
"vm(PLANT_ID, k_full)_J666.B",-1.982106136758577,1.6166942598497827,-1.2260241073304405
"vm(PLANT_ID, k_full)_J666.C",0.12440274220289627,2.879652864175745,0.04320060370835864
"vm(PLANT_ID, k_full)_J667.C",1.0774411343763117,2.937208093499663,0.36682492355948404
"vm(PLANT_ID, k_full)_J667.A",1.1347635954946023,3.0197264114881115,0.37578357800149
"vm(PLANT_ID, k_full)_J667.B",1.0953272271586012,2.936075966120239,0.3730582041465289
"vm(PLANT_ID, k_full)_J669.A",-5.885465568055275,1.6159959373758888,-3.6420051758374474
"vm(PLANT_ID, k_full)_J669.B",-1.618746170916752,1.6159977088216657,-1.0017007834108196
"vm(PLANT_ID, k_full)_J669.C",-1.1611239731881642,2.861806514317823,-0.40573112381252113
"vm(PLANT_ID, k_full)_J670.A",-0.9368876648276212,2.885499709858756,-0.32468818542126326
"vm(PLANT_ID, k_full)_J670.B",-1.1579820019867395,2.871994077404544,-0.403197907369371
"vm(PLANT_ID, k_full)_J670.C",-0.8293362337765837,2.8648468243708902,-0.28948711209322786
"vm(PLANT_ID, k_full)_J671.A",0.6232726230110494,2.858301994897549,0.21805695273756034
"vm(PLANT_ID, k_full)_J671.B",0.7948677185489974,2.739945795737577,0.29010344649355513
"vm(PLANT_ID, k_full)_J671.C",2.015591652277127,1.6129221017590143,1.249652199618922
"vm(PLANT_ID, k_full)_J672.A",-0.41785719951636624,1.6153204624152675,-0.2586837777635626
"vm(PLANT_ID, k_full)_J672.B",-0.5912047651136821,2.987156032070702,-0.19791559555858151
"vm(PLANT_ID, k_full)_J681.A",1.3807286926916893,2.7607116390302067,0.5001350641520521
"vm(PLANT_ID, k_full)_J522.A",-1.13680819455683,1.6146092401040895,-0.7040763587377606
"vm(PLANT_ID, k_full)_J488.A",-0.17631202575479413,2.947025069597936,-0.05982712111059458
"vm(PLANT_ID, k_full)_J357.B",-0.15280169857718764,2.9580916981294054,-0.05165549758779085
"vm(PLANT_ID, k_full)_J258.C",-0.1828992276143663,3.0133967088212494,-0.06069536980609201
"vm(PLANT_ID, k_full)_J267.A",-0.26180423415488224,2.984462219884565,-0.08772241525141788
"vm(PLANT_ID, k_full)_J267.B",-0.2565934051464009,2.9698088368932605,-0.08640064705808648
"vm(PLANT_ID, k_full)_J267.C",-0.23643829873662997,2.938892582263575,-0.08045149392786652
"vm(PLANT_ID, k_full)_J297.A",2.4853369162446097,2.963606907136975,0.8386189512041585
"vm(PLANT_ID, k_full)_J300.A",1.6258992072452052,2.9360244380120766,0.5537757745456877
"vm(PLANT_ID, k_full)_J317.A",2.1704785754465346,2.948273775211792,0.7361862367380099
"vm(PLANT_ID, k_full)_J321.A",2.1218719928096412,3.042304604643747,0.6974554716088699
"vm(PLANT_ID, k_full)_J322.A",1.8717732143739299,2.969891736931779,0.6302496454997633
"vm(PLANT_ID, k_full)_J344.A",-0.23274743795303796,2.9574496596040327,-0.07869869811552432
"vm(PLANT_ID, k_full)_J348.B",-0.24677877663617148,2.9941668780135853,-0.08241984721970189
"vm(PLANT_ID, k_full)_J349.A",-0.31007679084059897,2.971358597178784,-0.10435522361219127
"vm(PLANT_ID, k_full)_J349.B",-0.2662913141400399,2.988060702948428,-0.08911844189687332
"vm(PLANT_ID, k_full)_J349.C",-0.28102613147534966,2.983370939835593,-0.09419751587807461
"vm(PLANT_ID, k_full)_J469.B",-4.747469902786788,2.1036414058654858,-2.2567866793026785
"vm(PLANT_ID, k_full)_J469.C",0.2531406798712905,3.0344744016362717,0.08342159015570873
"vm(PLANT_ID, k_full)_J481.A",0.5242311067027802,2.974291976119293,0.17625408363128175
"vm(PLANT_ID, k_full)_J489.A",-0.26754449551934173,2.9249874978513373,-0.09146859455497737
"vm(PLANT_ID, k_full)_J276.B",1.571605121645832,3.1071872502717675,0.5057967206541456
"vm(PLANT_ID, k_full)_J288.B",2.593736254840514,2.976635793570318,0.8713650022092437
"vm(PLANT_ID, k_full)_J394.C",2.7031374734033133,2.9852241449175874,0.9055056981250359
"vm(PLANT_ID, k_full)_J538.A",-2.4534373077430276,1.565209170961084,-1.567482067739576
"vm(PLANT_ID, k_full)_J581.C",-0.19750172786762255,2.946985205090795,-0.0670182285022831
"vm(PLANT_ID, k_full)_J582.A",-0.24964745523461027,2.92372738954649,-0.0853867074362682
"vm(PLANT_ID, k_full)_J582.C",-0.2722226905144141,2.9463609915025155,-0.09239285046860209
"vm(PLANT_ID, k_full)_J583.C",-0.28646924157614917,2.942931356348766,-0.09734146226623704
"vm(PLANT_ID, k_full)_J585.B",1.351877738491732,2.8744528478726847,0.4703078498894929
"vm(PLANT_ID, k_full)_J586.B",6.114853596523147,1.6194384576946173,3.7759098331084866
"vm(PLANT_ID, k_full)_J586.C",2.66905462919845,1.6161589404489496,1.6514802860026987
"vm(PLANT_ID, k_full)_J587.C",1.7356371231900716,2.9524974432269064,0.5878538954103621
"vm(PLANT_ID, k_full)_J588.A",0.5155419058933277,2.585117271420427,0.1994268931598822
"vm(PLANT_ID, k_full)_J588.B",0.10047165964273927,1.6142016830656545,0.06224232120234556
"vm(PLANT_ID, k_full)_J589.B",2.5635295557475297,1.6162103771461138,1.586136057531187
"vm(PLANT_ID, k_full)_J589.C",0.2942370346187236,2.8987394112256113,0.10150516927436319
"vm(PLANT_ID, k_full)_J590.B",1.4303259498227627,1.616481930384765,0.8848388113328973
"vm(PLANT_ID, k_full)_J591.A",2.197627605255001,1.4771261814656347,1.487772427860205
"vm(PLANT_ID, k_full)_J591.B",0.9427931021613253,1.6160703643872782,0.5833861711329498
"vm(PLANT_ID, k_full)_J592.A",-3.9976926738384937,1.614067015354488,-2.476782336674233
"vm(PLANT_ID, k_full)_J592.B",-5.9574032542830295,1.6102745544827024,-3.6996195696558303
"vm(PLANT_ID, k_full)_J593.B",-2.5388620168734,1.6178764733429907,-1.569255786028826
"vm(PLANT_ID, k_full)_J594.A",1.7987078155478327,2.9708589864872126,0.6054504181212085
"vm(PLANT_ID, k_full)_J595.A",1.17971714886761,2.7913264376989857,0.4226367553914988
"vm(PLANT_ID, k_full)_J595.B",2.0900250964747213,1.613972569290782,1.2949570124312137
"vm(PLANT_ID, k_full)_J595.C",1.5267238166984525,1.6137804311234945,0.946054238392001
"vm(PLANT_ID, k_full)_J596.A",0.3566594600304865,1.6126789796136916,0.221159613623737
"vm(PLANT_ID, k_full)_J599.A",-0.5213027894867447,1.6145232995963226,-0.32288341061233705
"vm(PLANT_ID, k_full)_J645.A",-6.01428467064494,1.6111874710689564,-3.7328273578584312
"vm(PLANT_ID, k_full)_J651.B",2.483590068170291,2.9977623986943596,0.8284812929977339
"vm(PLANT_ID, k_full)_J315.A",2.2346421130930034,2.9609006128295747,0.754717028802083
"vm(PLANT_ID, k_full)_J526.C",-4.873627569890243,1.6149853777458199,-3.0177533722892296
"vm(PLANT_ID, k_full)_J536.B",-1.3785956287564933,2.7347890320370296,-0.5040957867706656
"vm(PLANT_ID, k_full)_J541.A",-3.3111008141799334,2.8205186284704995,-1.173933325863359
"vm(PLANT_ID, k_full)_J464.A",0.5592866957188376,2.9460949469135724,0.1898400105213055
"vm(PLANT_ID, k_full)_J673.A",-0.35827191837445355,2.8878874931388854,-0.12406020637079694
"vm(PLANT_ID, k_full)_J673.B",-0.242224916343722,2.9036503519991492,-0.08342082791647118
"vm(PLANT_ID, k_full)_J673.C",1.3393566767520062,1.6147277339615025,0.829462855305078
"vm(PLANT_ID, k_full)_J673.D",1.356211447147355,1.6159816746667972,0.8392492739294183
"vm(PLANT_ID, k_full)_J674.A",-0.3647040855227033,2.895896412825822,-0.12593823588006875
"vm(PLANT_ID, k_full)_J674.B",-0.38687187755192604,2.883607186208712,-0.13416247518115482
"vm(PLANT_ID, k_full)_J674.C",-0.32787109731842395,3.022649449159071,-0.10847142642016946
"vm(PLANT_ID, k_full)_J675.C",0.8134897517524793,2.907216991699857,0.27981734905753625
"vm(PLANT_ID, k_full)_J676.A",1.0709105597561748,2.834904283385269,0.37775898326886687
"vm(PLANT_ID, k_full)_J676.B",0.7710234743537359,2.8858531567915975,0.26717349513754746
"vm(PLANT_ID, k_full)_J676.C",2.3507926256298597,1.6139376364967004,1.456557287264591
"vm(PLANT_ID, k_full)_J677.A",0.6828266665539425,2.9926515327821304,0.22816778334333834
"vm(PLANT_ID, k_full)_J677.B",0.7030618495911567,2.9697966989835995,0.2367373665112419
"vm(PLANT_ID, k_full)_J677.C",0.6283913174404018,2.9920715959677673,0.21001881047473814
"vm(PLANT_ID, k_full)_J678.A",0.3507758476291537,2.8534726639408143,0.12292945787141747
"vm(PLANT_ID, k_full)_J678.C",-0.5158378406332036,1.6147104692800742,-0.3194615074634353
"vm(PLANT_ID, k_full)_J679.A",0.4978440537648308,2.8960551512608057,0.17190420339477755
"vm(PLANT_ID, k_full)_J679.B",0.4386131333394469,2.89446361265974,0.15153520376661522
"vm(PLANT_ID, k_full)_J679.C",0.47236004475585314,2.9837954028621785,0.15830845650567935
"vm(PLANT_ID, k_full)_J680.A",0.4283909504289014,2.8786718827304005,0.14881548432069844
"vm(PLANT_ID, k_full)_J680.C",0.15110085632253015,2.932981724120412,0.05151783084084665
"vm(PLANT_ID, k_full)_J682.A",-1.2228681892538893,2.8840833928549428,-0.4240058357131542
"vm(PLANT_ID, k_full)_J682.B",-0.9726449177685254,2.896869668753176,-0.33575722382676454
"vm(PLANT_ID, k_full)_J683.A",-2.0896112379497387,2.8170482641902526,-0.741773318019593
"vm(PLANT_ID, k_full)_J683.C",-2.8652217363056436,2.9169203317461987,-0.9822763087226294
"vm(PLANT_ID, k_full)_J683.D",-1.8905570155126137,2.8180061810080943,-0.6708846234099809
"vm(PLANT_ID, k_full)_J683.E",-5.203787370198612,1.6060787909453393,-3.24005733687303
"vm(PLANT_ID, k_full)_J684.A",0.2568777165846808,1.6119769611268209,0.15935569972731833
"vm(PLANT_ID, k_full)_J684.B",1.1386279489748818,2.7769051133674982,0.41003487785511333
"vm(PLANT_ID, k_full)_J685.A",-0.39017488528358013,2.874325359276513,-0.13574485714511797
"vm(PLANT_ID, k_full)_J685.B",-0.40666710062292866,2.8698704864962767,-0.1417022484242535
"vm(PLANT_ID, k_full)_J685.C",0.8178889217504083,1.6145885635913597,0.5065618202640817
"vm(PLANT_ID, k_full)_J351.C",-0.23372864698213508,3.1021067049151805,-0.07534513452158179
"vm(PLANT_ID, k_full)_J353.A",-0.274448878708129,2.969149525197158,-0.09243349867666399
"vm(PLANT_ID, k_full)_J354.B",-0.2456022853799052,2.937220918683782,-0.08361723281269688
"vm(PLANT_ID, k_full)_J355.B",-0.29626325708452045,2.997185660016137,-0.09884714885594553
"vm(PLANT_ID, k_full)_J357.C",-0.29982005078295143,3.047181583983912,-0.09839257770485868
"vm(PLANT_ID, k_full)_J378.C",-0.2856964018955912,2.992798299319904,-0.09546129519002802
"vm(PLANT_ID, k_full)_J379.B",-0.244922188151578,3.0896778894070702,-0.07927110751295184
"vm(PLANT_ID, k_full)_J380.B",-0.3430967804767824,3.007591314634827,-0.11407692887237912
"vm(PLANT_ID, k_full)_J382.A",-0.2595251697935986,3.027954399350458,-0.08570973520911367
"vm(PLANT_ID, k_full)_J382.B",-0.22711009269311871,2.9449016506237773,-0.07711975462576591
"vm(PLANT_ID, k_full)_J387.B",-0.22253172214086042,2.9165381270453334,-0.07629995304271964
"vm(PLANT_ID, k_full)_J390.B",-0.4494429219000933,2.63358579587375,-0.17065816598960684
"vm(PLANT_ID, k_full)_J406.A",-0.2558802723636174,2.9675567000045513,-0.08622590845971871
"vm(PLANT_ID, k_full)_J412.A",-0.20598282427960277,2.9972548744532346,-0.06872382660389487
"vm(PLANT_ID, k_full)_J416.A",1.2422198045792312,1.615775937298261,0.7688069712539147
"vm(PLANT_ID, k_full)_J418.B",-0.03555117842170367,1.6148059887755424,-0.022015758344233683
"vm(PLANT_ID, k_full)_J419.A",2.5293113646582537,2.990160221980124,0.8458782061461944
"vm(PLANT_ID, k_full)_J420.B",-0.2681253616093281,2.981863536789913,-0.08991872307408642
"vm(PLANT_ID, k_full)_J421.A",-0.4226252810900699,3.0106935141349083,-0.14037472731976405
"vm(PLANT_ID, k_full)_J421.B",-0.3123976925747907,2.9938705462138056,-0.10434575835948019
"vm(PLANT_ID, k_full)_J429.B",-2.9415547630047243,2.805254459797076,-1.048587500763659
"vm(PLANT_ID, k_full)_J431.B",-0.12321834025462265,2.7591141391857716,-0.04465866000417982
"vm(PLANT_ID, k_full)_J432.B",-5.047105756772695,1.6129165695619763,-3.129179681093704
"vm(PLANT_ID, k_full)_J434.A",-5.436364000585482,1.6121068195491157,-3.372210783219662
"vm(PLANT_ID, k_full)_J440.A",-0.2760602271628946,2.998308246354334,-0.0920719967663626
"vm(PLANT_ID, k_full)_J441.B",2.3913160781273244,3.057149696777403,0.7822044437824076
"vm(PLANT_ID, k_full)_J447.A",2.38416396662002,3.0019795688166875,0.7941972661592109
"vm(PLANT_ID, k_full)_J448.A",-0.2713994570214433,2.980011975148242,-0.09107327731726395
"vm(PLANT_ID, k_full)_J455.B",-0.33605566664254305,1.6168252452083383,-0.20784909664076906
"vm(PLANT_ID, k_full)_J456.A",0.18372504822102817,3.040922608980567,0.06041753501994574
"vm(PLANT_ID, k_full)_J456.B",0.3211562348651608,3.012291823630971,0.10661524635353688
"vm(PLANT_ID, k_full)_J456.C",0.37059717975334827,2.9611804268052286,0.12515184025891316
"vm(PLANT_ID, k_full)_J458.A",0.2597700149278041,2.9748310082954594,0.08732261234450728
"vm(PLANT_ID, k_full)_J458.B",0.2833268862416558,2.965526486079184,0.09554016380283664
"vm(PLANT_ID, k_full)_J460.A",0.32412602865333334,2.9908761350956157,0.10837159882683384
"vm(PLANT_ID, k_full)_J460.B",0.36939402733875365,2.9842772877158055,0.12378006187940109
"vm(PLANT_ID, k_full)_J460.C",-0.1585481866176991,2.681002209350785,-0.059137656084249236
"vm(PLANT_ID, k_full)_J461.A",0.36016936304522296,2.957529889721178,0.12178046426410859
"vm(PLANT_ID, k_full)_J464.B",0.5411250522005052,2.9502504336837876,0.18341665033664184
"vm(PLANT_ID, k_full)_J465.A",0.7139022170630115,2.953759264684061,0.24169275593939496
"vm(PLANT_ID, k_full)_J465.C",0.5480440957641803,2.951959904035037,0.18565431563452414
"vm(PLANT_ID, k_full)_J515.C",-5.627263207686059,1.6103080602503996,-3.4945258901647867
"vm(PLANT_ID, k_full)_J516.B",0.27388852338704617,3.1171653432116204,0.08786461198906388
"vm(PLANT_ID, k_full)_J517.B",-1.4627239308332962,1.6135413097550169,-0.9065302028464216
"vm(PLANT_ID, k_full)_J517.C",-5.1013348234634375,1.6138685589781259,-3.16093574974502
"vm(PLANT_ID, k_full)_J521.B",-1.4479229797704152,2.9185041676534342,-0.49611818129921986
"vm(PLANT_ID, k_full)_J521.C",-2.2445270916570337,1.6138891691791593,-1.3907566483010871
"vm(PLANT_ID, k_full)_J522.B",-3.104768978940838,1.6117364180875673,-1.926350328811738
"vm(PLANT_ID, k_full)_J522.C",-2.2907806289920902,1.6143691987770705,-1.4189942614907545
"vm(PLANT_ID, k_full)_J526.A",-4.0037534250536035,1.6124051619031663,-2.483093901986684
"vm(PLANT_ID, k_full)_J527.A",-6.222670607362514,1.609587452655086,-3.8660034265910452
"vm(PLANT_ID, k_full)_J527.B",-2.1190834728815,2.6762856325353974,-0.7918001902039028
"vm(PLANT_ID, k_full)_J527.C",-4.953518413640214,1.6106913330668275,-3.0753989370567334
"vm(PLANT_ID, k_full)_J539.B",-1.6828493433009748,2.7138691854070967,-0.6200922846060236
"vm(PLANT_ID, k_full)_J540.B",-2.5373157061832474,1.6114868644060316,-1.5745183918197567
"vm(PLANT_ID, k_full)_J540.C",-4.171574088761157,1.611809380599142,-2.5881311642512586
"vm(PLANT_ID, k_full)_J541.B",-2.310296485957481,1.6117241844561558,-1.4334316679234074
"vm(PLANT_ID, k_full)_J542.B",-3.0787466716337426,1.6071192657467228,-1.9156927163107904
"vm(PLANT_ID, k_full)_J574.B",0.8724261308392295,1.6137026418955305,0.5406362412683646
"vm(PLANT_ID, k_full)_J268.A",1.5857308250518212,3.0161224512736013,0.5257514741757993
"vm(PLANT_ID, k_full)_J271.A",1.5875001258399657,3.019554701121095,0.5257398136389321
"vm(PLANT_ID, k_full)_J272.A",1.6037717856468447,3.016424803681119,0.5316796837400583
"vm(PLANT_ID, k_full)_J274.A",1.677887838792744,3.0118250121576335,0.5571000413436126
"vm(PLANT_ID, k_full)_AP13",2.7453931216376626,3.6029688573765313,0.7619808081374024
