PLANT_ID,PAN_LEN_TX2,PRIM_BN_TX2,SEC_BN_TX2,PAN_LEN_MO,PRIM_BN_MO,SEC_BN_MO,PAN_LEN_MI,PRIM_BN_MI,SEC_BN_MI
J600.B,-3.07571436574408,-0.7622866901636052,0.6027549854549034,-0.4994233837769438,1.0905727691366185,0.29947777526811925,1.9366056259005549,1.224351182613388,0.21877701205018704
AP13,7.678272857844065,8.268019830549145,3.741789167257468,12.66231099565591,9.642033236942204,2.863261259739226,9.419384972869597,8.736478141428774,2.0273355190747266
J194.A,20.89677364422694,2.8023803393562114,4.639879727845429,33.5773626268575,3.024015497035364,3.6565545673075093,38.620214145682155,3.133650212097405,4.591819701728454
J522.A,-9.897154043378114,-5.623196275872447,-0.6394372429729523,-5.304721318917103,-3.74303405061024,-1.8368438196660408,-5.020630472678718,-7.367494450064693,-1.821976243133005
J272.A,20.985775956471333,7.278435020736719,2.2317726038701626,9.205394014643371,2.057294133085994,1.215044173097043,9.71211790675,2.7179557610633855,3.343779505688576
J483.C,26.808688031509764,29.05129210218395,7.434812241808104,17.52829566701031,23.647404594621968,7.3188201586232084,13.605787991244876,9.497980310377466,2.5510664465452635
J279.A,19.045240017440555,4.098622895545236,-0.9499853000799148,-5.870050487757122,-5.676476778508983,-3.057599016771273,9.679661835484612,0.6015586613879181,0.07789244625402521
J482.C,17.291155528906092,10.255775037443103,6.192620013380249,19.378178336159028,9.468824590031176,8.844764155004746,15.882701623507172,4.088299726839414,0.8018493706739572
J477.B,5.824640261264127,2.8023803393562114,4.6398797278454325,2.3272224604231475,5.601939134233684,8.539575355728443,1.6519914218677558,2.8154337071833995,6.341036777599763
J003.C,4.785182786577038,-3.354771802541657,0.6027549854549034,5.819700436812598,-4.0652745052600325,-1.8368438196660408,11.834855166151963,-3.230679886182657,0.21877701205018554
J249.B,14.335198335264687,7.663289925065053,3.7082355565245417,13.445362780943503,7.535381862132435,1.825421771649658,18.475853260250368,6.952248271065439,1.6764579086096103
J458.B,22.618375086677432,14.468563345057433,2.7765913852036506,22.61625818657047,9.468824590031176,4.877309764412744,22.333956914917056,9.497980310377466,3.4256749844809167
J359.A,4.687733648325126,-3.354771802541657,-0.6394372429729523,0.5684206018097506,1.0905727691366185,-2.1420326189423493,7.312651702075443,3.133650212097405,1.0933855499858416
J073.A,22.8782394553492,7.015168646970538,4.639879727845431,20.072276926790394,13.335710045828666,2.435799370202275,18.697219863386973,16.498743418485525,4.30028352241657
J348.B,-13.340356928279098,-14.372833530148363,-5.60820615668437,-2.399557534600343,-7.609919506407729,-0.9212774218371151,-1.8582504278699625,-7.685710954978694,-2.4050486017567736
J431.B,5.564775892592357,-2.05852924635263,-0.01834112875902345,-8.85373221219055,-3.74303405061024,-1.8368438196660408,1.3041296169388008,-1.6395973616126376,-0.3642953465735832
J538.B,-17.37876902886851,-8.660197067088193,-3.0735967993993802,-14.615220337359496,-8.066379006662086,-3.0330502982570677,-10.871033555574925,-7.367494450064696,-3.862729498316197
J352.C,-14.119950034294414,-5.623196275872447,-1.881629471400806,-9.607504437310578,-6.643198142458358,-3.6679766153238904,-1.5420124233890855,-4.503545905838667,-1.5304400638211206
J610.B,11.054410680783546,14.144502706010176,5.882071956273286,9.968588392577397,8.502103226081806,5.79287616224167,-5.9377206856732645,10.13441332020547,4.883355881040338
J365.B,2.6088186989509468,-6.271317553966959,-2.8132736427216973,-5.964272015897118,-3.0985531413106573,-1.5316550203897323,4.782747666228434,-0.048514837042626005,-0.3642953465735802
J378.B,2.673784791118888,-5.299135636825189,-0.3288891858659879,-3.3543356864190423,-5.676476778508983,-2.1420326189423493,-6.1274634883617844,-4.821762410752669,-2.4050486017567736
J419.B,7.416309519378737,9.28359312030133,7.434812241808104,4.902610896249897,4.312977315634524,0.6046665745444256,6.996413697594566,4.724732736667421,2.5510664465452635
J660.B,8.033487394974198,-3.3547718025416544,-1.881629471400806,13.077898821197493,11.080026863280125,2.435799370202275,4.782747666228434,12.998361864431496,0.5103131913620729
J354.B,-18.505161255630576,-10.48410586158129,-2.8132736427216973,-21.306677514694293,-7.932159961057518,-1.8368438196660408,-22.729958723607776,-9.27679347954871,-4.4458018569399655
J006.B,-10.579298011141516,-6.271317553966959,-1.5710814142938416,-7.025834566274493,-3.4207935959604523,0.2994777752681171,-8.78386272600115,-5.776411925494677,-0.9473677051973519
J477.A,20.92925669031091,3.7745622564979784,3.0871394423106127,10.844848604279429,15.913633683026987,10.981085749938911,7.597265906108227,10.452629825119475,6.341036777599763
J201.A,-4.164334079777542,4.836437791793607,-0.9953436605725386,-7.836518148923231,2.653225371842191,-5.288125042924693,3.707815913947731,5.309548476492601,0.2387337987643448
J184.A,-0.08878396346026522,5.056560478585205,-0.12767538565352526,-17.15778955892949,-8.576640870357098,-4.278354213876507,-6.578136922497144,10.491250806483443,-2.332907427324644
J673.C,1.764259500767681,-1.7344686073053777,1.8449472138827592,6.538924768281281,0.7683323144868285,2.1306105709259664,3.2015576438240556,-1.9578138665266431,0.8018493706739572
J661.B,-14.18491612646236,0.5339558660254194,3.0871394423106127,-4.792784349356419,-0.1983890494625468,1.215044173097043,-4.514649665509321,-2.2760303714406445,0.2187770120501885
J602.C,22.910722501433177,5.718926090781518,6.192620013380249,6.0960835860232665,3.024015497035364,0.6046665745444256,20.594647890272228,2.8154337071833995,4.008747343104686
J513.A,0.7897681182485325,-3.3547718025416544,-1.260533357186877,2.7983301011231614,-1.4873508680617071,-1.5316550203897323,0.6400298075289612,-5.139978915666674,-0.07275916726169881
J301.A,6.722456701630156,-1.7589336888547311,1.427928754889926,24.00759608543785,9.468824590031176,7.929197757175825,25.021979953004493,4.724732736667416,4.591819701728454
J599.B,-7.590857771416135,-4.002893080636169,-2.5027255856147326,-2.760740059137017,-4.387514959909823,-2.447221418218658,4.782747666228434,-2.5942468763546462,1.0933855499858416
J433.A,-14.477263541218104,-7.567560110155983,-3.1238216998286608,-17.05100516037082,-0.8428699587621269,-1.5316550203897323,-16.08896062950938,-1.9578138665266431,-2.1135124224448893
J665.B,-13.242907790027182,-11.456287778723057,-2.8132736427216973,-15.57486788617744,-12.121285871504798,-4.583543013152816,-12.83170918335636,-12.777175033602742,-0.6558315258854676
J671.C,-2.8808160892402466,0.5339558660254194,2.466043328096686,5.8982183769292575,0.12385140518724835,1.5202329723733492,11.107507755845953,-1.321380856698636,1.6764579086096103
J245.A,10.664614127775899,12.200138871726637,2.4660433280966836,9.739316007436718,9.791065044680966,2.435799370202275,2.822072038447,10.452629825119475,2.8426026258571477
J211.A,13.198291722325676,10.579835676490355,8.055908356022032,-11.491935000110637,1.7350536784362038,-0.9212774218371151,15.62971121992248,13.634794874259498,8.381790032782954
J652.C,12.418698616310351,19.00541229171902,5.2609758420593575,18.341741526619003,19.458278684174687,7.3188201586232084,-13.875294598143247,12.043712349689487,-0.6558315258854676
J205.A,5.142496293500729,1.5061377831671867,5.571523899166322,6.347340994396609,-3.09855314131066,-0.005711024008189341,0.07080139946338544,-6.412844935322684,-0.07275916726169734
J466.B,21.319053243318567,14.468563345057428,7.745360298915069,14.41898523839021,11.402267317929915,2.435799370202275,26.381803372272262,21.271990992195573,14.212513619020642
J422.B,-13.502772158698956,-8.539742027297754,-1.260533357186877,-12.496964633604003,-5.354236323859193,-2.447221418218657,-15.140246616066754,-1.6395973616126376,0.5103131913620714
J430.B,-4.569934485606773,-5.623196275872447,-1.881629471400806,7.1764904420286415,-0.1983890494625468,0.9098553738207342,6.522056690873254,-8.3221439648067,-1.821976243133005
J521.A,-11.293925024988889,-8.215681388250497,-1.5710814142938416,-15.480646358037436,-4.709755414559613,-3.3627878160475815,-8.97360552868967,-8.322143964806704,-2.6965847810686583
J192.A,4.947598016996901,7.663289925065053,1.8449472138827592,11.341081985816768,9.791065044680966,0.6046665745444256,11.550240962119172,8.543330795635459,3.717211163792801
J650.C,24.729773082135583,30.02347401932573,8.055908356022032,12.691590555823485,43.304072328259196,8.539575355728443,5.731461679671065,45.45644536565979,2.8426026258571477
J609.C,-8.110586508759674,9.283593120301335,6.192620013380249,20.816626999096428,4.6352177702843145,3.0461769687548923,20.594647890272235,-2.2760303714406485,-0.3642953465735802
J491.B,-7.261189626645519,-11.45356557732555,-2.591290490011239,-5.590526620941776,-7.287679051757938,-0.005711024008189341,-8.499248521968358,-13.413608043430749,-2.1135124224448893
J202.A,7.764911260686275,5.166621821981008,-2.2968460729510545,5.153484629060702,0.895615712256354,-0.6528361617360869,1.6013292541075304,3.6688620000128624,-0.29148293433863665
J365.A,-11.521306347576688,-7.567560110155983,-2.5027255856147326,-6.466786832643811,-0.5206295041123318,-2.1420326189423493,-3.312945248481991,4.724732736667421,-0.07275916726169734
J581.C,-22.76044029263085,-12.10440905681757,-6.53985032800526,-16.171604231064126,-10.510083598255845,-5.499109410981741,-1.5736362238371784,-1.3213808566986398,-2.4050486017567736
J368.A,-13.892568711706614,-13.724712252053852,-2.8132736427216973,-7.754481050557181,-9.543362234306471,-1.2264662211134236,-9.131724530930112,-11.822525518860733,-3.571193319004313
J592.C,-13.860085665622643,-8.215681388250497,0.6027549854549034,-16.755777705532143,-7.287679051757938,-3.0575990167712743,-15.994089228165123,-8.003927459892699,-2.6965847810686596
J020.C,21.83878198066212,3.7745622564979784,2.466043328096686,20.511977391443736,2.3795345877357788,1.5202329723733514,20.594647890272228,4.406516231753419,1.384921729297726
J026.C,15.99183368554723,6.367047368876028,5.882071956273286,20.018884727511058,3.9907368609847342,5.182498563689053,-14.22315640307221,0.9061346776993825,-6.195018932811273
J006.C,-2.3935703979806773,-2.05852924635263,0.2922069283479389,1.909507019002459,0.7683323144868285,-0.005711024008189341,-5.558235080296216,2.497217202269398,0.5103131913620729
J251.A,31.291348391097845,22.570079321238833,2.7765913852036506,29.557244092884037,21.391721412073426,8.234386556452133,13.131430984523565,22.544857011851587,2.2595302672333792
J249.C,31.94100931277727,21.59789740409707,3.0871394423106127,8.16895720510334,12.368988681879296,-0.005711024008189341,29.98691662335423,19.36269196271156,8.090253853471069
J517.A,-13.665187389118815,-6.595378193014214,-2.1921775285077696,-6.341158128457139,-2.77631268666087,-1.5316550203897323,-13.938542199039425,-1.6395973616126414,0.5103131913620714
J016.A,5.662225030844264,24.190382516475104,3.0871394423106127,4.023209966943202,31.38117550621694,5.18249856368905,6.4904328904251605,30.500269634701652,5.757964418975995
J394.A,-5.869256328965638,-10.484105861581288,-2.813273642721696,-9.984390549870591,-10.187843143606054,-3.362787816047583,-3.4394404502743403,-11.18609250903273,-1.2389038845092364
J676.C,0.5623867956607332,-3.0307111634943995,2.7765913852036506,0.2229416652964124,-3.0985531413106573,0.9098553738207342,-1.0676554166677736,-4.821762410752669,-0.9473677051973519
J029.A,-4.050205748263228,-7.891620749203241,-1.260533357186879,-9.450468557077244,-6.643198142458358,-3.6679766153238904,-5.431739878503859,-7.049277945150691,-2.6965847810686583
J601.B,-9.377425306034569,-0.438226051116353,4.018783613631504,-2.321039594483674,0.4460918598370384,3.351365768031201,-0.6565460108426326,1.5425676875273895,3.4256749844809167
J390.B,-5.2195954072862,-12.10440905681757,-2.5027255856147326,-6.6866370649704825,-5.354236323859193,-4.278354213876507,-2.1744884323508398,0.26970166787137556,4.008747343104688
J433.B,-9.474874444286481,-13.400651613006595,-4.366013928256515,-0.4020611380322756,-6.320957687808568,-1.8368438196660408,-0.9095364144273388,-14.68647406308676,-4.4458018569399655
J678.C,1.1470816251722193,2.8023803393562114,-0.3288891858659879,11.686560922330115,-1.165110413411917,-3.973165414600199,9.178455928512605,3.770083221925408,-0.07275916726169881
J306.C,11.346758095539291,0.8580165050726717,3.397687499417575,11.083543142234099,0.12385140518724326,1.5202329723733492,2.853695838895093,-0.36673134195662754,2.2595302672333792
J358.A,-9.117560937362795,-4.002893080636169,-2.1921775285077696,-9.896450456939919,4.6352177702843145,-1.8368438196660408,-12.926580584700623,3.770083221925408,-2.4050486017567736
J354.C,-18.212813840874833,-14.372833530148363,-4.987110042470442,-15.763310942457444,-12.76576678080438,-3.973165414600199,-9.922319542132302,-6.4128449353226875,-2.4050486017567736
J614.A,16.47907937680681,11.227956954584863,11.47193698419863,6.630005578816622,11.402267317929915,6.098064961517976,18.918586466523593,16.498743418485525,15.087122156956301
J662.E,21.41650238157048,23.21820059933334,7.12426418470114,9.648235196901386,15.913633683026987,4.877309764412744,16.00919682529953,19.044475457797553,4.30028352241657
J516.B,-10.774196287645346,-13.400651613006595,-4.366013928256515,-9.45046855707724,-7.932159961057518,-2.7524102174949645,-13.495808992766198,-9.595009984462715,-2.6965847810686583
J504.A,16.05679977771518,19.653533569813522,11.47193698419863,-11.900228288717322,9.791065044680966,0.6046665745444278,18.697219863386973,9.497980310377466,4.30028352241657
J223.A,14.302715289180716,6.367047368876028,2.466043328096686,14.192853570854195,8.502103226081806,4.877309764412744,-9.76420053989186,-11.50430901394673,-0.9473677051973519
J024.A,-8.59783220001925,-5.299135636825191,-2.502725585614734,-17.773370209444174,-7.609919506407729,-4.888731812429125,-15.867594026372766,-9.595009984462715,-2.988120960380544
J073.B,34.50716995341103,9.931714398395838,4.639879727845431,19.56976211004371,11.080026863280125,1.825421771649658,36.05868630938707,4.088299726839414,4.008747343104686
J591.A,4.814100261536065,2.020329589701695,2.5533101434622543,17.025780850263622,2.057294133085994,1.825421771649658,9.210079728960698,0.2697016678713794,-0.3642953465735832
J669.B,-5.382010637706063,-5.947256914919704,-1.260533357186879,-3.115641148464363,-3.74303405061024,0.2994777752681171,-2.300983634143189,-7.049277945150691,1.0933855499858416
J430.A,-16.978458089683915,-4.975074997777937,-1.5710814142938425,-14.978131541290756,-8.898881325006888,-2.1420326189423484,-11.060776358263453,-4.821762410752669,-1.821976243133005
J658.B,9.365292284417034,0.5339558660254194,-0.01834112875902345,6.4729696985832845,-4.709755414559613,-1.8368438196660408,5.889580681911492,-7.685710954978694,-2.4050486017567736
J587.C,23.170586870104955,14.144502706010176,7.434812241808102,1.8247076436764627,9.468824590031176,1.215044173097043,5.731461679671065,9.17976380546346,1.0933855499858416
J004.B,15.309689717783826,6.367047368876028,2.7765913852036506,-2.5408898268103455,5.924179588883479,-1.5316550203897323,13.416045188556348,12.361928854603493,3.717211163792801
J009.C,15.244723625615885,18.033230374577244,3.7082355565245395,-2.101189362157003,9.146584135381385,0.2994777752681171,1.9366056259005473,15.862310408657521,2.8426026258571477
J426.A,-2.3935703979806773,-1.0863473292108627,-1.5710814142938416,1.133749770649769,1.0905727691366185,-1.8368438196660408,0.3554156034961695,-1.6395973616126414,-3.2796571396924286
J170.A,-2.815849997072305,-10.160045222534032,-3.1238216998286594,-5.367535671010437,-7.609919506407729,-3.0575990167712743,-7.866772513006604,-8.003927459892699,-2.6965847810686583
J605.B,-5.674358052461809,-7.891620749203239,-0.6394372429729523,-0.8684227434149829,-5.117141615937557,-1.4398463267204806,-5.178749474919161,-7.049277945150691,-0.9473677051973519
J645.C,-1.9388077528050789,-6.919438832061471,-2.8132736427216973,-1.9441534819236561,-5.676476778508983,-3.057599016771273,-2.9650834435530284,-8.003927459892699,-2.6965847810686583
J658.A,-7.071129034072586,-4.975074997777934,-2.502725585614734,6.535784050676617,-3.74303405061024,-1.5316550203897323,3.8340336527858025,-8.3221439648067,-3.571193319004313
J352.B,-4.537451439522798,-10.484105861581288,-4.676561985363478,6.297089512721938,2.379534587735784,-0.005711024008189341,-0.5932984099464618,-2.59424687635465,-2.4050486017567736
J322.A,7.0265129663710795,5.394865451734256,5.5715238991663245,-20.568608877597605,-1.165110413411917,-2.1420326189423493,1.3041296169387933,6.634031766151433,3.1341388051690324
J534.C,-10.384399734637688,-2.382589885399893,-0.3288891858659879,-2.854961587277021,4.957458224934104,2.1306105709259664,-2.111240831454661,5.361165746495423,-1.821976243133005
J603.A,-5.414493683790035,-3.3547718025416544,-1.260533357186877,-7.983753435697856,-1.4873508680617071,-0.9212774218371151,-4.230035461476529,-3.5488963910966587,-1.821976243133005
J086.A,-0.9318333242019549,5.070804812687003,2.4660433280966836,8.954136606270028,0.4460918598370384,0.6046665745444256,7.6605135070043975,0.2697016678713794,3.1341388051690324
J665.D,-15.28933969331739,-2.706650524447145,-0.9499853000799148,1.4478215311164533,-2.1318317773612874,-0.005711024008189341,-2.4907264368317166,-1.9578138665266431,1.0933855499858416
J582.C,-2.3935703979806773,-3.678832441588912,0.6027549854549055,-4.739392150077085,-4.38751495990982,-2.1420326189423493,-6.633444295531189,-2.59424687635465,-1.2389038845092364
J538.A,-13.600221296950869,-8.215681388250497,-1.5710814142938425,1.7524711387691296,-0.1983890494625417,0.29947777526811925,0.19729660125573475,-1.321380856698636,1.6764579086096103
J664.C,-9.18252702953074,-8.215681388250497,-0.6394372429729502,-11.303491943830632,-6.643198142458358,-4.278354213876507,-18.302626660875514,-7.049277945150691,-3.2796571396924286
J003.E,17.323638574990063,9.283593120301335,2.466043328096686,22.553443834477136,9.791065044680966,4.266932165860126,12.530578776009888,9.816196815291464,3.717211163792801
J621.A,15.47210494820369,7.339229286017795,2.466043328096686,14.51634748413488,10.113305499330755,3.6565545673075093,18.286110457561847,6.952248271065443,4.30028352241657
J665.C,1.4719120860119355,-4.651014358730679,-0.6394372429729523,-6.228092294689132,-2.1318317773612874,-1.8368438196660408,10.09554614150715,-1.321380856698636,-1.821976243133005
J657.C,0.23755633482102215,-9.187863305392263,-3.434369756935624,11.843596802563454,-10.832324052905633,-2.447221418218658,4.371638260403301,-13.731824548344752,-2.4050486017567736
J028.C,31.128933160677985,9.607653759348587,9.298100584449886,20.354941511210406,6.56866049818306,4.8773097644127414,22.839937722086454,4.724732736667416,-0.07275916726169881
J271.A,18.882824787020702,8.311411203159567,5.2609758420593575,16.39763732933027,4.6352177702843145,1.5202329723733514,2.588010263994971,4.183153753146394,2.2551504858770595
J319.A,23.268036008356855,13.496381427915662,1.8449472138827592,29.08613645218402,19.136038229524893,5.487687362965358,22.175837912676606,14.271227884087502,2.5510664465452635
J614.C,-1.0292824624538717,-2.05852924635263,4.639879727845431,6.856137246352629,0.7683323144868285,-0.005711024008191496,14.649373406031764,5.361165746495423,6.049500598287879
J613.A,7.546241703714619,-1.0863473292108627,-0.3288891858659879,-0.5622377358702773,-4.0652745052600325,-0.31089982328450005,7.787008708796755,-5.776411925494677,1.6764579086096103
J246.A,-5.349527591622088,3.4505016174507213,0.6027549854549034,-14.92159862440675,-0.8428699587621269,-1.8368438196660408,10.158793742403322,3.4518667170114066,2.2595302672333792
J306.B,17.551019897577866,9.607653759348587,2.7765913852036483,26.25949060798393,9.146584135381385,2.1306105709259664,17.274148843223028,7.270464775979445,4.008747343104686
J484.B,37.52809323922038,21.92195804314432,3.0871394423106127,17.936588955616987,24.93636641322113,1.2150441730970407,20.847638293856942,30.182053129787658,1.0933855499858403
J308.A,24.339976529127927,14.792623984104692,1.2238510996688323,26.887634128917274,12.368988681879285,6.098064961517978,19.772429078621954,12.680145359517491,2.2595302672333792
J172.A,-15.451754923737248,-9.51192394443952,-3.7449178140425876,-14.66405978082408,-2.454072232011077,-2.1420326189423493,-7.4872869076295565,-6.412844935322684,-1.821976243133005
J425.A,-12.755662098767612,5.394865451734256,0.9133030425618678,-4.0735600178877265,3.024015497035364,0.29947777526811925,0.6716536079770467,1.5425676875273895,1.676457908609609
J599.C,0.65983593391265,1.830198422214439,0.6027549854549055,3.2662970242185114,3.668496406334944,3.6565545673075093,5.415223675190187,1.860784192441391,-1.5304400638211193
J595.B,-1.6464603380493332,7.339229286017795,2.4660433280966836,-1.5672673693636467,-1.165110413411917,4.877309764412744,-5.336868477159603,12.680145359517491,4.008747343104686
J621.C,-0.15224021818663516,-8.539742027297754,-2.8132736427216973,1.8875219957697962,2.7017750423855738,0.6046665745444256,10.158793742403322,2.1790006973553964,1.0933855499858403
J517.B,0.5623867956607382,-9.835984583486779,-0.6394372429729523,-14.569838252684075,-10.832324052905633,-4.888731812429125,1.0511392133540947,-6.412844935322684,-0.6558315258854676
J385.B,1.666810362515769,-5.947256914919704,-0.9499853000799148,-8.44543892358387,-6.643198142458355,-3.057599016771273,-2.5223502372798023,-8.3221439648067,-1.821976243133005
J483.B,16.738943745478572,17.385109096482736,-4.676561985363478,11.498117866050116,19.780519138824477,1.825421771649658,14.491254403791322,19.36269196271155,5.757964418975995
J323.A,4.265454049233493,6.691108007923285,0.6027549854549034,15.86999677174625,12.691229136529081,3.0461769687548923,-8.658018429465702,7.439149291108646,-0.3886628479509088
J001.B,10.469715851272065,7.015168646970538,3.397687499417579,10.241830824183403,5.279698679583895,1.825421771649658,9.368198731201133,2.8154337071833995,5.466428239664107
J601.A,-0.671968955530185,-4.002893080636167,2.7765913852036483,0.8510851862297641,0.12385140518724326,0.2994777752681171,-2.1744884323508398,-4.503545905838667,-1.5304400638211206
J448.B,-12.853111237019524,-7.891620749203239,-2.1921775285077696,-14.695466956870742,-8.576640870357098,-3.362787816047583,-11.377014362744323,-6.412844935322684,-1.5304400638211206
J656.B,16.219215008135034,-5.623196275872449,-0.01834112875902345,7.57222086021665,-8.898881325006888,-2.1420326189423493,9.621189134785832,-10.549659499204724,-4.154265677628081
J594.C,18.428062141845103,11.876078232679385,4.329331670738468,16.510703163098274,13.013469591178866,4.266932165860126,13.321173787212084,18.408042447969542,3.4256749844809167
J612.B,-19.90193223724135,-17.937500559668177,-6.53985032800526,-21.605045687137636,-14.05472859940354,-5.8042982102580485,-21.97098751285367,-13.413608043430749,-6.778091291435042
J516.A,-12.268416407508033,-8.539742027297754,-4.987110042470442,-7.126337529623829,-8.898881325006888,-3.057599016771273,-15.14024661606675,-10.549659499204722,-2.1135124224448893
J619.A,-17.043424181851854,-6.595378193014219,-4.987110042470442,-16.297232935250797,-7.287679051757938,-3.973165414600199,-24.469267748252594,-10.867876004118726,-5.611946574187504
J022.D,12.938427353653902,17.709169735529986,1.8449472138827592,6.881262987189956,14.946912319077617,-0.6160886225608065,8.261365715518075,24.454156041335604,0.2187770120501885
J585.C,3.518343989302149,2.478319700308954,-0.6394372429729523,9.456651423016714,2.0572941330859886,-0.31089982328449794,14.36475920199898,3.133650212097405,3.717211163792801
J027.B,0.5623867956607382,4.098622895545236,-3.1238216998286608,19.663983638183712,1.7350536784361987,-0.005711024008189341,16.67329663470936,0.5879181727853809,-2.4050486017567736
J542.A,-8.597832200019244,-12.10440905681757,-3.1238216998286608,-0.6564592640102817,-8.254400415707309,-2.7524102174949645,-0.9095364144273388,-4.185329400924662,0.5103131913620729
J612.A,-23.604999490814116,-13.400651613006595,-5.297658099577407,-20.317351469224263,-10.18784314360605,-4.888731812429123,-23.71029653749849,-8.640360469720706,-5.028874215563735
J349.B,-9.832187951210168,-10.808166500628545,-2.8132736427216973,-14.318580844310732,-11.154564507555424,-4.888731812429125,-7.265920304492943,-12.140742023774735,-2.1135124224448893
J516.C,-12.203450315340092,-4.651014358730679,-1.260533357186879,-10.612534070803948,-7.287679051757938,-0.6160886225608065,-12.262480775290783,-6.412844935322684,-2.4050486017567736
J685.C,2.154056053775338,-1.41040796825812,1.22385109966883,12.503147499543475,-5.354236323859193,-0.005711024008189341,3.517795648304933,-5.458195420580675,0.5103131913620729
J517.C,-16.06893279933271,-10.808166500628545,-4.676561985363478,-12.308521577323994,-8.898881325006888,-3.973165414600199,-15.14024661606675,-6.094628430408682,-3.571193319004313
J003.D,17.680952081913752,10.579835676490355,2.4660433280966836,12.942847964196819,12.691229136529087,1.825421771649658,2.822072038447,16.180526913571526,3.4256749844809167
J664.E,-7.363476448828326,-8.539742027297754,-2.8132736427216973,-19.46935771596423,-10.187843143606054,-4.278354213876507,-16.40519863399026,-9.276793479548713,-4.154265677628081
J586.A,15.926867593379287,17.06104845743548,9.608648641556847,15.80090098444359,11.402267317929915,10.370708151386294,5.731461679671058,7.588681280893442,7.507181494847301
J006.A,-9.73473881295825,-2.706650524447145,-2.5027255856147326,-2.4780754747170035,0.7683323144868285,-1.2264662211134236,-7.234296504044858,-0.36673134195662754,-2.1135124224448893
J235.A,40.51653347894576,21.273836765049804,3.397687499417575,2.8925516292631657,12.691229136529076,1.825421771649658,0.03917759901529244,30.182053129787658,-0.6558315258854676
J384.B,-2.361087351896707,-3.3547718025416544,-1.260533357186879,-4.990649558450428,-2.776312686660867,-1.2264662211134236,2.885319639343179,-0.36673134195662754,1.384921729297726
J295.A,29.99202654773898,19.653533569813522,7.434812241808104,22.80470124285048,19.780519138824474,8.539575355728443,15.345097015889696,21.59020749710957,5.757964418975992
J316.A,12.35373252414241,6.6911080079232805,4.329331670738466,13.636946554828176,6.56866049818306,4.266932165860126,8.798970323135556,12.361928854603493,5.46642823966411
J662.B,-16.198864983668596,-3.0307111634943995,-2.502725585614734,9.645094479296722,-2.1318317773612874,-0.31089982328450005,9.02033692627217,-3.5488963910966587,0.8018493706739572
J368.B,-13.762636527370725,-8.215681388250497,-5.918754213791334,-11.680378056390646,-2.1318317773612874,-4.583543013152816,-8.183010517487482,-4.185329400924662,-4.4458018569399655
J613.C,4.005589680561723,-3.030711163494402,1.8449472138827592,12.220482915123462,0.4460918598370384,-0.005711024008189341,13.004935782731208,-2.2760303714406485,3.1341388051690324
J432.B,2.8686830676227215,-3.678832441588912,-4.676561985363478,1.0395282425097732,-1.809591322711497,0.6046665745444256,4.782747666228434,-4.821762410752669,-2.1135124224448893
J626.A,-5.739324144629745,-6.595378193014216,-4.987110042470442,-12.135782109067328,-3.09855314131066,-0.9212774218371151,-14.982127613826313,-7.367494450064693,-4.154265677628081
J349.A,-10.222432378515661,-12.11082875620493,-5.967434655728219,-2.1325965382036736,-5.0319958692094024,-3.9731654146002,-8.499248521968358,-6.094628430408682,-2.4050486017567736
J535.A,30.251890916410748,7.663289925065053,4.950427784952395,27.515777649850644,17.847076410925727,3.9617433665838178,10.475031746884206,14.589444389001507,-0.9473677051973519
J665.H,-9.312459213866617,-6.271317553966957,-2.5027255856147326,-15.44923918199077,-5.0319958692094024,-5.499109410981741,-8.119762916591304,-7.049277945150691,-3.2796571396924286
J037.A,-14.704644863805903,-12.752530334912082,-5.297658099577405,-26.48886156239446,-12.765766780804377,-7.940619805192207,-14.349651604864562,-9.913226489376717,-4.73733803625185
J434.A,-22.07829632486745,-10.160045222534032,-4.987110042470442,-18.194226368469522,-10.187843143606054,-4.278354213876507,-14.065037400831779,-11.822525518860733,-3.2796571396924286
J595.C,3.4858609432181833,10.255775037443103,1.8449472138827592,9.519465775110048,5.279698679583895,5.18249856368905,4.087024056370509,8.54333079563545,4.883355881040338
J609.B,7.318860381126815,0.209895226978162,1.8449472138827592,8.38880743743001,-3.42079359596045,0.9098553738207342,3.834033652785795,-3.86711289601066,2.5510664465452635
J530.A,-12.495797730095838,-5.299135636825191,-1.881629471400806,-7.980612718093193,-2.1318317773612874,2.1306105709259664,1.6203676214196778,-1.0031643517846345,1.6764579086096103
J673.D,1.9591577772715145,-4.002893080636167,1.8449472138827592,3.5049915621731818,-3.7430340506102424,1.82542177164966,3.2648052447202267,-2.2760303714406485,1.676457908609609
J317.A,25.6392983724868,5.394865451734261,3.397687499417579,20.738109058979752,8.179862771432015,5.487687362965361,22.17583791267662,11.407279339861477,1.0933855499858403
J527.A,-14.28236526471427,-15.020954808242877,-5.918754213791334,-13.062293802444021,-11.799045416855007,-4.583543013152816,-13.242818589181496,-10.549659499204724,-3.862729498316197
J613.B,4.752699740493072,-1.7344686073053777,0.6027549854549034,0.2229416652964124,-2.454072232011077,1.825421771649658,8.893841724479813,-2.9124633812686516,-0.07275916726169586
J663.A,6.0845046299359025,1.1820771441199291,1.22385109966883,8.137550029056667,2.057294133085994,5.182498563689053,4.782747666228434,-5.139978915666674,0.8018493706739572
J003.A,2.478886514615059,3.4505016174507213,1.5343991567757946,12.999380881080825,2.379534587735784,1.825421771649658,13.953649796173831,-1.0031643517846345,-0.6558315258854676
J521.C,-12.853111237019524,-6.271317553966959,-1.881629471400806,-16.196729971901462,-5.676476778508985,-3.057599016771273,-14.507770607105,-6.094628430408682,-3.2796571396924286
J489.B,-14.28236526471427,-5.623196275872447,-1.881629471400806,-2.949183115417026,-1.165110413411917,-0.005711024008189341,-6.918058499563981,-3.86711289601066,-0.07275916726169881
J586.B,5.564775892592352,6.691108007923285,6.503168070487213,1.5106358832097868,2.379534587735784,3.351365768031201,4.782747666228434,3.770083221925408,2.5510664465452635
J526.C,-21.136287988432276,-14.048772891101107,-4.366013928256515,-15.888939646644117,-7.609919506407729,-1.5316550203897323,-18.11288385818699,-5.458195420580675,-1.5304400638211206
J344.B,-12.690696006599666,-9.835984583486779,-2.8132736427216973,-11.240677591737299,-7.932159961057518,-4.583543013152816,-3.059954844897285,-7.367494450064696,-1.821976243133005
J353.C,-5.382010637706063,-6.595378193014214,-1.881629471400806,-0.9611088716629665,1.7350536784361987,-0.6160886225608065,-2.8069644413125863,0.9061346776993825,-1.5304400638211206
J416.B,-9.572323582538392,-4.326953719683422,0.2922069283479389,6.4572661105599485,-4.709755414559613,-0.9212774218371151,1.6519914218677558,-5.139978915666674,-1.5304400638211206
J587.A,24.04572680007049,14.17969839897019,4.000229071626675,1.4478215311164448,11.080026863280125,3.351365768031201,-7.234296504044858,11.725495844775482,0.5103131913620729
J029.B,-18.53764430171455,-13.724712252053852,-5.608206156684369,-15.38642482989743,-9.865602688956264,-5.193920611705433,-20.20005468776077,-10.23144299429072,-5.611946574187504
J538.C,-18.667576486050432,-11.456287778723057,-4.055465871149551,-12.930383663048014,-3.7430340506102375,-1.8368438196660408,-11.029152557815367,-4.185329400924665,-2.9881209603805425
J598.A,-11.358891117156832,-0.11416541206909549,2.1554952709897215,-2.4152611226236784,-5.0319958692094024,-2.447221418218658,-5.653106481640473,-4.185329400924662,-0.6558315258854676
J300.A,22.585892040593464,2.8023803393562114,2.1554952709897215,17.308445434683627,3.668496406334944,1.215044173097043,3.83403365278581,5.679382251409425,-0.6558315258854676
J540.B,-6.0641546054694615,-11.132227139675802,-1.881629471400806,-9.199211148703903,-11.476804962205215,-3.973165414600199,-10.080438544372736,-6.412844935322684,-3.2796571396924286
J326.A,12.447526021912426,2.5132769738612275,1.106391215297834,16.39763732933027,13.657950500478456,8.844764155004752,2.4257299076679804,14.765139251523712,3.0327426428852857
J661.A,-7.720789955752018,-3.3547718025416544,-2.1921775285077696,6.856137246352629,1.0905727691366185,1.825421771649658,6.680175693113688,-1.0031643517846345,-2.4050486017567736
J588.B,-4.95973103861443,-5.299135636825191,0.29220692834794104,-0.8009322738249564,-4.70975541455961,0.2994777752681171,0.9878916124579237,-5.776411925494677,0.5103131913620714
J660.C,7.481275611546678,-0.4382260511163477,0.29220692834794104,13.351141252803508,4.957458224934104,2.740988169478584,-1.6052600242852564,10.770846330033473,-0.6558315258854676
J536.B,-11.001577610233145,-8.539742027297754,-3.434369756935624,-9.579237978868575,-8.898881325006888,-2.7524102174949654,-11.661628566777114,-7.685710954978694,-2.1135124224448893
J250.A,28.40035728962437,10.579835676490355,2.1554952709897215,30.562273726377406,6.56866049818306,4.8773097644127414,21.79635230729955,8.543330795635459,5.466428239664107
J636.C,-17.043424181851858,-11.780348417770313,-4.366013928256515,-18.589956786657535,-12.76576678080438,-5.193920611705432,-19.883816683279896,-12.777175033602742,-5.611946574187504
J646.A,-12.560763822263784,-9.51192394443952,-3.7449178140425885,-11.523342176157303,-9.543362234306471,-4.583543013152816,-9.76420053989186,-8.3221439648067,-3.2796571396924286
J666.B,-4.277587070851033,-2.3825898853998875,-1.881629471400806,-5.775828959617117,-3.0985531413106573,-0.6160886225608087,-4.388154463716972,-0.048514837042626005,1.6764579086096103
J598.B,-11.878619854500375,-6.271317553966957,-1.260533357186877,-10.832384303130619,-5.0319958692094024,-0.6160886225608065,-14.507770607105,-3.5488963910966587,-1.2389038845092364
J580.A,-8.630315246103219,-11.132227139675802,-4.366013928256515,2.641294220889823,-6.320957687808563,-2.447221418218658,3.1383100429278774,-10.867876004118726,-2.4050486017567736
J498.C,0.30252242698896337,0.5339558660254194,0.9133030425618678,2.785767230704489,0.12385140518724835,1.215044173097043,-1.5420124233890855,0.9061346776993825,0.2187770120501885
J384.C,4.785182786577038,-1.7344686073053777,1.22385109966883,-9.817932516823245,-11.799045416855003,-5.193920611705432,-23.994910741531278,-18.5050721220548,-1.5304400638211206
J484.C,5.142496293500725,8.63547184220682,1.5343991567757946,-2.2268180663436694,2.379534587735784,0.9098553738207342,7.028037498042659,2.497217202269398,1.9679940879214948
J041.A,3.3234457127983204,2.478319700308954,1.8449472138827592,10.650124112790083,2.057294133085994,0.6046665745444256,-16.721436638471136,-1.3213808566986398,-2.1135124224448893
J542.B,-7.071129034072586,-6.271317553966957,-2.5027255856147326,-13.187922506630692,-8.254400415707309,-3.973165414600199,-8.183010517487482,-2.59424687635465,1.9679940879214948
J662.D,5.1100132474167586,13.172320788868404,3.397687499417577,4.943440225110567,7.8576223167822254,3.0461769687548923,8.577603719998944,12.680145359517491,1.384921729297726
J618.A,-21.65601672577582,-13.724712252053852,-4.987110042470442,-23.04977578528435,-15.665930872652492,-5.193920611705432,-16.373574833542172,-13.095391538516745,-3.2796571396924286
J378.A,-14.28236526471427,-2.706650524447145,-2.8132736427216973,-1.2029441272223007,-3.0985531413106626,-1.2264662211134236,-1.510388622941,0.2697016678713794,1.0933855499858416
J393.B,-19.642067868569583,-10.808166500628545,-4.676561985363478,-5.348691365382438,4.957458224934104,1.825421771649658,-4.388154463716972,-1.321380856698636,-2.1135124224448893
J602.B,25.964128833326505,4.422683534592489,3.0871394423106127,32.321075584990794,3.346255951685154,8.844764155004752,32.580068260097434,2.1790006973553964,11.297151825901798
J395.B,-21.201254080600215,-15.993136725384645,-5.60820615668437,-21.10253087039095,-10.510083598255845,-4.278354213876507,-21.465006705684274,-6.412844935322684,-2.9881209603805425
J210.A,4.525318417905268,-6.595378193014214,-0.01834112875902345,-4.550949093797076,-8.898881325006892,-1.5316550203897323,-3.1232024457934635,-7.049277945150691,-2.6965847810686596
J175.A,-13.048009513523352,-4.651014358730679,-1.881629471400806,-0.6250520879636192,-2.77631268666087,-0.6160886225608065,-5.653106481640473,-0.6849478468706292,-4.154265677628081
J353.A,-19.93441528332533,-11.456287778723057,-8.092590613540079,-11.171581804434629,-9.543362234306471,-4.583543013152816,-13.2428185891815,-7.049277945150691,-3.862729498316197
J663.B,6.831614689867246,10.903896315537617,0.9133030425618678,1.5922945409311196,6.246420043533265,5.792876162241667,13.35279758766017,6.952248271065439,6.049500598287879
J672.A,-6.648849434980957,-4.975074997777937,-0.01834112875902345,-6.561008360783807,-0.1983890494625417,0.2994777752681171,-7.866772513006604,-3.86711289601066,0.2187770120501885
J465.A,17.778401220165673,15.764805901246458,-0.9499853000799148,4.142557235920542,13.657950500478446,5.182498563689053,9.210079728960698,11.089062834947478,1.9679940879214948
J664.A,-23.150236845638513,-9.187863305392263,-4.987110042470442,-20.106923389711586,-8.898881325006892,-3.6679766153238904,-25.57610076393566,-7.049277945150691,-5.9034827534993894
J484.A,24.46990871346382,15.116684623151938,3.397687499417577,9.80213035953006,20.102759593474268,-0.005711024008191496,17.179277441878767,25.090589051163608,5.174892060352226
J681.A,7.611207795882571,7.339229286017795,-0.3288891858659879,20.794641975863748,10.113305499330755,2.740988169478584,19.582686275933426,10.134413320205462,4.30028352241657
J596.C,-2.523502582316565,-5.947256914919704,2.1554952709897215,5.1224611285765675,0.12385140518724835,5.18249856368905,7.62888970655632,-4.185329400924665,1.0933855499858416
J684.A,5.824640261264127,7.339229286017795,0.6027549854549034,5.659523838974587,8.824343680731594,1.215044173097043,-3.3445690489300763,3.770083221925408,4.883355881040341
J641.C,-23.11775379955454,-12.752530334912082,-3.434369756935624,-22.66032680230567,-12.443526326154586,-4.888731812429125,-20.86415449717061,-11.504309013946733,-3.571193319004313
J403.A,-7.266027310576414,-12.10440905681757,-5.60820615668437,-0.32354319791560665,-4.38751495990982,-0.6160886225608065,1.4622486191792357,-5.776411925494681,-2.4050486017567736
J536.A,-3.2056465500799627,-5.299135636825191,-1.881629471400806,-2.7921472351836965,-6.643198142458358,-2.7524102174949667,-8.119762916591304,-8.3221439648067,-1.2389038845092364
J477.C,8.845563547073484,2.478319700308954,4.329331670738466,11.18404610558343,-0.5206295041123318,-0.005711024008191496,6.047699684151942,4.406516231753415,4.008747343104686
J416.A,-6.7462985732328695,-4.651014358730679,1.8449472138827592,-3.326069227977035,-7.609919506407729,-0.9212774218371151,-12.926580584700623,-7.049277945150691,0.2187770120501885
J399.B,-10.124535365965913,-5.299135636825189,-1.881629471400806,8.294585909290006,-4.387514959909823,-2.1420326189423493,0.6716536079770467,-7.685710954978694,-2.4050486017567736
J267.C,-35.65620958796757,-20.205925032998973,-9.645330899074898,-21.322381102717628,-13.73248814475375,-6.719864608086974,-17.353912647432885,-8.958576974634708,-5.32041039487562
J394.B,1.666810362515769,-9.835984583486779,-3.434369756935624,-13.847473203610715,-10.510083598255845,-3.6679766153238904,-10.58641935154214,-11.822525518860733,-4.154265677628081
J431.A,-13.795119573454702,-2.05852924635263,0.29220692834794104,-11.806006760577313,-3.7430340506102424,-1.8368438196660408,-5.653106481640473,-2.9124633812686516,-1.2389038845092348
J212.A,21.35153628940254,3.4505016174507213,1.5343991567757946,2.625590632866488,2.7017750423855738,1.215044173097043,8.89384172447982,-1.0031643517846345,0.2187770120501885
J447.A,10.469715851272065,3.4505016174507213,2.7765913852036506,25.756975791237238,6.24642004353327,3.9617433665838178,13.131430984523558,3.133650212097405,6.049500598287879
J600.A,0.27003938090499274,1.5061377831671867,2.466043328096686,-7.566037994277176,-0.1983890494625417,2.740988169478584,-17.67015065191376,-0.04851483704262218,-0.9473677051973505
J514.A,24.210044344792035,5.070804812687003,5.882071956273286,19.75820516632371,4.6352177702843145,5.487687362965361,2.157972229037161,2.1790006973553964,-0.6558315258854661
J065.B,6.669199459447393,9.283593120301335,4.018783613631504,0.5998277778564217,12.368988681879285,7.624008957899517,-10.71291455333449,12.680145359517491,4.591819701728457
J086.B,13.685537413585255,10.903896315537612,3.7082355565245417,3.426473622056513,7.85762231678222,1.825421771649658,3.83403365278581,8.861547300549455,-0.9473677051973519
J644.B,-14.249882218630301,-3.0307111634943995,-2.5027255856147326,-6.545304772760479,-1.165110413411917,0.2994777752681171,-10.396676548853614,-5.776411925494677,-2.988120960380544
J646.C,-21.396152357104043,-9.51192394443952,-3.434369756935624,-16.4856759915308,-9.543362234306471,-2.7524102174949654,-17.98638865639464,-9.595009984462713,-0.6558315258854676
J541.B,-9.962120135546055,-10.484105861581288,-1.5710814142938425,-7.754481050557185,-7.932159961057518,-1.8368438196660408,-0.6565460108426251,-4.503545905838667,-0.9473677051973519
J331.A,40.386601294609875,15.440745262199195,0.6027549854549034,-1.44163866517698,15.269152773727408,2.435799370202275,26.540590857859264,7.92754862180298,1.9441136230737692
J353.B,-14.022500896042501,-8.215681388250497,-3.7449178140425876,-14.726874132917413,-11.154564507555424,-3.973165414600199,-10.554795551094056,-8.640360469720706,-4.154265677628081
J481.B,-0.5745198172782732,1.1820771441199291,0.9133030425618678,3.426473622056513,-3.42079359596045,-0.9212774218371151,3.3596766460644907,-5.458195420580675,0.5103131913620714
J596.A,0.49742070349279704,-1.7344686073053777,0.6027549854549055,-1.5672673693636467,1.0905727691366185,3.351365768031201,7.407523103419699,0.5879181727853809,4.3002835224165725
J522.B,-4.11517184043117,-8.215681388250497,-2.8132736427216973,-13.156515330584025,-11.799045416855007,-6.109487009534357,-1.5420124233890855,-8.958576974634708,-2.4050486017567736
J589.B,-3.0432313196601095,-0.438226051116353,3.0871394423106127,-4.155218675609068,-1.165110413411917,1.825421771649658,-11.345390562296238,-7.049277945150691,1.3849217292977245
J382.A,-15.419271877653278,-13.724712252053852,-3.7449178140425876,-15.04094589338409,-11.799045416855007,-4.583543013152816,-14.507770607105,-10.549659499204722,-2.6965847810686596
J217.A,34.60461909166294,14.144502706010176,11.782485041305593,-3.640140988443711,16.88035504697636,6.708442560070591,15.534839818578217,20.635557982367562,8.673326212094839
J016.D,4.2329710031495225,1.830198422214444,-0.3288891858659879,13.633805837223512,4.6352177702843145,2.1306105709259664,-0.6249222103945472,7.588681280893442,1.384921729297726
J293.A,23.268036008356866,10.903896315537606,8.055908356022032,3.0809946855431662,5.924179588883475,1.5202329723733492,23.69378033418481,9.816196815291464,4.883355881040338
J645.A,-26.560956684455526,-14.372833530148363,-5.608206156684369,-19.152145237892892,-10.18784314360605,-3.6679766153238904,-16.405198633990256,-10.549659499204722,-3.862729498316197
J387.A,-4.504968393438827,-8.863802666345011,-2.5027255856147326,0.7128936116244253,-4.387514959909823,1.215044173097043,-3.7556784547552176,-8.003927459892699,-2.4050486017567736
J003.F,32.88301764921245,13.820442066962919,4.018783613631504,16.82791564116962,15.269152773727408,5.18249856368905,36.97577652238161,16.81695992339953,12.754832722461225
J458.A,37.982855884395995,8.311411203159567,-2.502725585614734,29.993803839932717,18.169316865575517,3.6565545673075093,33.71852507622859,13.316578369345502,1.384921729297726
J614.B,-2.653434766652452,-15.020954808242877,-2.5027255856147326,0.4741990736697462,-5.998717233158776,1.215044173097043,-0.27706040546558464,-7.049277945150691,-0.07275916726169586
J522.C,-5.317044545538117,-3.3547718025416544,-1.881629471400806,-6.548445490365148,-5.354236323859193,-1.5316550203897323,-1.383893421148643,-1.0031643517846345,-0.9473677051973519
J597.C,-2.588468674484501,4.098622895545236,2.1554952709897215,6.218571572605278,0.12385140518724835,4.266932165860126,2.885319639343179,-2.2760303714406445,-0.3642953465735817
J169.A,-10.28695059638577,1.830198422214439,1.22385109966883,-7.628852346370518,-5.676476778508983,-0.9212774218371151,-5.368492277607681,-0.3667313419566314,-0.07275916726169586
J527.B,-10.57929801114151,-9.187863305392263,-2.1921775285077705,-7.104352506391162,-5.0319958692094024,-2.7524102174949654,-5.11550187402299,-6.412844935322684,-2.9881209603805425
J418.A,-9.637289674706338,-1.7344686073053777,-1.260533357186879,-1.378824313083638,-2.77631268666087,-1.5316550203897323,6.3955614890808965,0.9061346776993825,-0.3642953465735817
J597.A,2.7712339293708097,1.830198422214444,-0.6394372429729523,4.745575016016558,-2.776312686660867,0.2994777752681171,12.688697778250338,-6.094628430408682,-1.821976243133005
J394.C,7.091479058539021,14.792623984104686,7.745360298915069,-4.550949093797085,9.468824590031176,4.877309764412744,9.747684336578187,10.134413320205462,9.54793475003049
J503.A,34.24730558473926,20.625715486955293,3.7082355565245395,6.78704145904996,-4.06527450526003,0.6046665745444256,29.164697811703963,23.18129002167959,7.507181494847301
J621.B,9.462741422668946,1.1820771441199291,0.6027549854549055,8.291445191685343,-0.8428699587621269,-0.9212774218371151,10.15879374240333,-1.9578138665266431,-1.5304400638211206
J299.A,9.10542791574526,3.126440978403469,2.7765913852036506,18.658954004690344,8.824343680731594,4.877309764412744,21.448490502370586,7.906897785807447,1.384921729297726
J612.C,-23.410101214310284,-12.752530334912082,-4.055465871149551,-17.64774150525751,-11.476804962205215,-4.583543013152816,-20.200054687760765,-12.777175033602742,-4.154265677628081
J649.C,-8.922662660858965,-4.002893080636167,-1.5710814142938425,-3.6746888820950456,-6.320957687808566,-1.8368438196660408,-9.44796253541099,-9.276793479548713,-4.154265677628081
J376.A,-8.30548478526351,-11.780348417770313,-4.676561985363478,-12.402743105464003,-12.443526326154586,-5.804298210258049,-5.494987479400038,-10.549659499204724,-2.6965847810686583
J596.B,-3.9527566100113165,-6.271317553966959,-0.01834112875902345,4.9402995075059035,-1.165110413411917,0.6046665745444256,-8.499248521968358,-4.503545905838667,-2.6965847810686596
J386.A,-12.008552038836264,-7.243499471108729,-2.502725585614734,-1.8499319537836603,-4.709755414559613,-0.31089982328449794,-8.815486526449236,-6.731061440236686,-2.1135124224448893
J574.B,2.6088186989509468,-0.11416541206909549,1.5343991567757946,1.38500717902312,-0.8428699587621218,1.215044173097043,6.743423294009867,-1.9578138665266431,0.5103131913620729
J593.B,9.527707514836887,-3.3547718025416544,-2.5027255856147326,2.0568750859516376,-5.772527702765232,-1.4398463267204784,-9.131724530930112,-1.6395973616126376,-2.1135124224448893
J419.A,13.295740860577588,11.227956954584869,1.8449472138827592,17.873774603523653,6.56866049818306,2.1306105709259664,20.594647890272235,8.543330795635459,0.21877701205018704
J651.C,10.956961542531644,11.227956954584869,2.1554952709897215,14.16772783001686,29.44773277831819,3.6565545673075093,14.839116208720291,31.136702644529663,3.909411990133278
J368.C,-7.753273001835988,11.227956954584869,-4.055465871149551,-10.989420183363956,-8.898881325006892,-3.0575990167712743,-11.029152557815367,-8.3221439648067,-3.2796571396924286
J489.A,6.3118859525236966,11.227956954584869,-1.881629471400806,-5.270173425265768,-0.8428699587621269,1.215044173097043,-8.815486526449236,-1.6395973616126414,-1.2389038845092364
J229.A,22.117456670311743,7.587971376688625,-0.6699680574779079,6.59859840276996,6.890900952832845,0.29947777526811925,25.243346556141113,9.816196815291464,1.9679940879214948
J016.B,13.685537413585255,2.478319700308954,4.639879727845431,-6.01766421517646,-1.165110413411917,1.5202329723733492,15.692958820818651,6.315815261237436,3.4256749844809167
J344.A,-20.81145752759256,-15.669076086337386,-8.092590613540079,-8.88513938823722,-8.898881325006892,-3.6679766153238904,-1.8582504278699625,-8.640360469720703,-3.2796571396924286
J584.C,5.402360662172499,13.820442066962919,3.087139442310615,11.18404610558343,8.17986277143201,2.1306105709259664,8.261365715518075,7.588681280893446,1.384921729297726
J395.A,-7.298510356660385,-8.215681388250497,-0.3288891858659879,-15.003257282128082,-8.898881325006892,-3.6679766153238904,-5.020630472678718,-7.367494450064693,-2.6965847810686596
J173.A,-3.400544826583796,11.227956954584869,-2.8132736427216973,3.3448149643351717,-5.676476778508983,-0.6160886225608065,-5.336868477159595,-4.821762410752669,-3.862729498316197
J647.C,-20.129313559829153,11.227956954584869,-5.60820615668437,-14.444209548497405,-12.121285871504798,-3.057599016771273,-14.191532602624124,-11.822525518860733,-5.028874215563735
J592.B,-19.54461873031767,11.227956954584869,-5.918754213791334,-14.946724365244084,-11.476804962205216,-5.193920611705432,-17.986388656394638,-12.45895852868874,-3.862729498316197
J684.B,20.734358413807076,19.653533569813522,9.919196698663809,20.022025445115723,14.302431409778036,4.572120965136435,17.337396444119207,18.408042447969542,10.714079467278035
J016.E,23.657832561364522,11.227956954584869,4.6398797278454325,5.1224611285765675,5.279698679583895,2.740988169478584,4.150271657266679,4.088299726839414,5.757964418975995
J590.B,9.365292284417034,11.227956954584869,1.8449472138827592,4.086024319036536,-3.0985531413106626,-1.2264662211134236,6.047699684151942,-3.86711289601066,-0.6558315258854676
J409.B,3.1610304823784623,-9.835984583486779,-0.9499853000799148,-3.8348654799330557,-5.676476778508983,-0.005711024008189341,0.3554156034961695,-6.412844935322684,-0.07275916726169734
J005.B,12.516147754562272,9.931714398395838,0.9133030425618678,26.959870633824615,17.847076410925734,3.9617433665838178,20.120290883550922,15.225877398829518,7.798717674159185
J273.A,18.26564691142524,9.931714398395844,3.397687499417577,2.6727013969364943,8.502103226081806,2.740988169478584,0.8930202111136598,10.770846330033473,0.5103131913620714
J644.A,-8.987628753026906,-11.456287778723057,-3.434369756935624,3.5018508445685184,-4.06527450526003,-1.2264662211134236,-4.324906862820793,-5.458195420580675,-0.9473677051973519
J357.B,-14.18491612646236,-4.975074997777937,-2.813273642721696,-4.4881347417037425,-1.4873508680617071,-1.5316550203897323,-3.154826246241549,-2.9124633812686516,0.2187770120501885
J455.B,-6.6163663888969815,-4.3269537196834245,-0.01834112875902345,-7.000708825437158,-1.4873508680617071,0.9098553738207342,-5.336868477159595,-5.139978915666674,2.5510664465452635
J371.A,-21.136287988432276,-15.020954808242873,-6.53985032800526,-21.385195454810965,-10.510083598255845,-3.3627878160475837,-13.147947187837236,-9.913226489376717,-1.821976243133005
J574.A,0.39997156524088023,-7.891620749203239,-2.8132736427216973,1.4792287071631158,-9.22112177965668,-2.7524102174949645,-1.2257744189082083,-5.458195420580675,-2.4050486017567736
J350.B,-20.45414402066887,-11.780348417770313,-5.297658099577407,-7.566037994277176,-6.965438597108146,-3.3627878160475815,-8.97360552868967,-8.003927459892699,-2.6965847810686596
J605.A,-13.925051757790584,-12.428469695864827,-4.055465871149551,-2.876946610509693,-6.643198142458358,-1.8368438196660408,-12.83170918335636,-8.640360469720703,-1.5304400638211206
J500.A,6.771810747494662,6.292540252417653,0.14177859652155364,28.64643598753068,11.080026863280125,5.182498563689053,2.885319639343179,8.225114290721454,1.9679940879214948
J374.B,-3.5304770109196837,-6.595378193014216,-2.5027255856147326,-9.042175268470563,-8.254400415707309,-3.973165414600199,-4.894135270886369,-7.685710954978694,-2.4050486017567736
J592.A,-13.697670435202784,-11.780348417770313,-3.7449178140425885,-11.491935000110637,-3.4207935959604474,-1.5316550203897323,-10.175309945717,-4.503545905838667,-2.988120960380544
J415.B,-7.980654324423788,-10.808166500628545,-2.8132736427216973,-11.397713471970636,-9.543362234306471,-4.278354213876507,-5.30524467671151,-11.18609250903273,-0.9473677051973519
J669.A,-11.131509794569032,-2.706650524447145,-5.918754213791334,-5.43035002310377,-2.776312686660867,-1.8368438196660408,-8.815486526449229,-4.185329400924665,-1.821976243133005
J647.B,-17.887983380035116,-16.965318642526412,-5.297658099577407,-16.454268815484134,-15.02144996335291,-5.193920611705432,-18.682112266252567,-13.73182454834475,-5.028874215563735
J208.A,-7.36347644882833,-2.3825898853998875,-1.5710814142938416,-1.2846027849436419,0.12385140518724835,2.1306105709259664,-7.455663107181463,-0.36673134195662754,-0.3642953465735832
J526.A,-18.73254257821838,-9.187863305392263,-3.434369756935624,-11.014545924201288,-5.998717233158776,0.9098553738207342,-15.772722625028509,-7.685710954978694,-0.3642953465735817
J021.C,9.982470160012495,1.830198422214439,1.5343991567757946,11.40389633791011,1.0905727691366185,1.825421771649658,10.791269751365075,-0.048514837042626005,3.1341388051690324
J539.B,-2.068739937140961,-3.678832441588912,-0.3288891858659858,-10.204240782197262,-3.4207935959604523,-1.5316550203897323,-4.6727686677497635,-2.2760303714406445,-0.3642953465735832
J441.B,7.416309519378737,5.718926090781518,0.6027549854549055,8.294585909290006,2.379534587735784,1.825421771649658,-5.020630472678718,-0.048514837042626005,-0.3642953465735832
J258.A,-17.30328855052363,-13.724712252053852,-5.918754213791334,-23.238218841564358,-17.92161405520103,-6.109487009534358,-10.71291455333449,-7.685710954978694,-2.6965847810686583
J418.B,0.9846663947523662,-3.678832441588912,0.2922069283479389,10.650124112790083,1.0905727691366185,0.6046665745444278,18.28611045756184,-1.9578138665266431,1.0933855499858416
J515.A,-18.472678209546604,-13.400651613006595,-5.60820615668437,-18.432920906424197,-7.932159961057518,-3.6679766153238904,-24.62738675049303,-10.549659499204724,-5.611946574187504
J204.A,2.9986152519586042,-4.002893080636169,2.1554952709897215,1.1902826875337664,-6.320957687808568,-1.2264662211134236,5.415223675190187,-0.36673134195662754,2.5510664465452635
J640.A,-20.84394057367653,-14.372833530148363,-5.297658099577407,-17.522112801070836,-11.154564507555424,-6.719864608086974,-15.140246616066754,-6.731061440236686,-2.988120960380544
J393.A,-8.208035647011586,-3.3547718025416544,0.2922069283479389,4.714167839969896,-3.7430340506102424,-1.2264662211134236,6.838294695354131,-2.2760303714406445,0.5103131913620729
J534.B,-14.704644863805903,-4.975074997777934,-4.676561985363478,-6.466786832643811,-6.320957687808568,-2.7524102174949645,-1.0676554166677736,-5.139978915666674,-1.821976243133005
J023.B,4.65525060224115,-0.438226051116353,6.813716127594178,19.54149565160171,12.368988681879285,9.455141753557363,3.83403365278581,11.407279339861484,0.5103131913620714
J022.B,25.08708658905928,14.468563345057433,2.7765913852036506,24.87757486193055,10.757786408630336,4.572120965136435,29.088392452193077,11.509143713561459,3.965853231295157
J482.A,17.61598598974581,5.718926090781513,6.503168070487211,-7.47181646613718,1.7350536784361987,0.9098553738207342,23.851899336425248,-3.230679886182657,3.1341388051690324
J208.B,4.005589680561723,-3.3547718025416544,8.67700447023596,-10.851228608758618,1.0905727691366185,4.266932165860126,-3.4394404502743403,-4.821762410752669,0.21877701205018554
J429.A,-11.163992840653002,-4.002893080636169,-2.5027255856147326,-2.6351113549503498,-3.42079359596045,-3.057599016771273,-3.6608070534109536,-1.3213808566986398,-0.3642953465735817
J324.A,26.483857570670047,12.84826014982115,4.018783613631504,20.511977391443743,7.21314140748264,0.9098553738207342,14.333135401550887,6.315815261237436,0.5103131913620729
J665.A,-16.29631412192051,-8.215681388250497,-1.881629471400806,-5.24190696682377,-2.7763126866608725,-0.9212774218371151,-2.206112232798925,-3.86711289601066,-1.821976243133005
J636.B,-12.235933361424063,-13.400651613006595,-5.918754213791334,-22.892739905051013,-14.699209508703122,-7.33024220663959,-15.45266436876761,-14.04867831525436,-4.719829987774904
J647.A,-16.94597504359994,-14.372833530148363,-3.1238216998286594,-19.39083977584756,-13.08800723545417,-4.278354213876507,-19.56757867879902,-12.458958528688738,-3.862729498316197
J649.B,-12.17096726925612,-4.326953719683427,-0.6394372429729523,3.6651681600111923,-5.354236323859193,-0.31089982328449794,-15.246600896341654,-7.701229960415818,-1.9438471619673638
J651.A,-6.81126466540081,8.63547184220682,3.397687499417577,-2.164003714250336,4.9574582249341095,1.825421771649658,-3.1232024457934635,5.042949241581422,-2.1135124224448893
J645.B,-1.1267316007057835,-6.919438832061471,-2.8132736427216973,-10.832384303130619,-7.932159961057518,-4.888731812429125,-1.0360316162196805,-7.685710954978698,-1.2389038845092364
J638.A,-20.908906665844476,-16.641258003479155,-6.229302270898298,-22.798518376911005,-14.69920950870312,-6.719864608086974,-24.311148746012158,-12.140742023774735,-4.4458018569399655
J574.C,-5.836773282881662,-2.706650524447145,-0.01834112875902345,-0.18535162331027652,-5.998717233158776,-2.1420326189423484,-6.285582490602226,-3.86711289601066,-2.6965847810686596
J635.B,-27.762829389562473,-15.345015447290129,-9.334782841967934,-21.981931799697644,-11.476804962205215,-6.109487009534358,-25.259862759454784,-8.640360469720703,-3.279657139692427
J022.C,20.604426229471187,13.172320788868404,8.055908356022032,21.055321537051093,14.624671864427826,5.18249856368905,17.74850584994434,9.497980310377466,3.717211163792801
J355.C,-8.337967831347473,-5.947256914919704,-1.881629471400806,-12.308521577324003,-6.643198142458355,-3.973165414600199,-13.970165999487515,-6.731061440236686,-0.3642953465735832
J387.C,-1.9063247067211082,-4.975074997777937,-2.8132736427216973,12.880033612103485,-2.454072232011077,-2.1420326189423493,-1.8582504278699625,-7.367494450064693,-5.028874215563735
J306.A,19.30510438611233,2.8023803393562114,3.7082355565245417,17.025780850263622,-0.8428699587621269,-0.31089982328449794,12.056221769288584,-2.59424687635465,-0.3642953465735832
J016.C,10.69709717385986,16.088866540293715,4.6398797278454325,0.4741990736697462,9.146584135381385,4.266932165860126,-6.791794331705272,10.043945721478455,2.721705780081995
J448.A,-11.488823301492719,-11.132227139675802,-2.8132736427216973,-10.267055134290601,-6.9654385971081485,-4.278354213876507,-14.950503813378226,-13.413608043430749,-5.320410394875619
J586.C,9.20287705399717,-4.002893080636167,2.7765913852036506,0.9515881495791045,-0.8428699587621269,2.740988169478584,5.41522367519018,-6.094628430408682,2.5510664465452635
J348.A,-22.890372476966743,-17.613439920620923,-6.229302270898297,-6.149574354572462,-9.221121779656679,-3.3627878160475815,7.787008708796755,-10.231442994290719,-4.4458018569399655
J450.B,-17.920466426119088,-13.724712252053852,-2.8132736427216973,-4.456727565657071,-6.9654385971081485,-1.8368438196660408,-8.562496122864529,-1.8305272645610455,-0.3642953465735832
J428.A,-8.760247430439106,-4.975074997777934,-1.881629471400806,-1.3631207250603024,-6.965438597108143,-1.8368438196660408,-6.728315696875453,-4.503545905838667,-1.5304400638211206
J652.A,10.372266713020153,15.116684623151938,1.8449472138827592,14.830419244601545,9.791065044680966,5.792876162241665,5.731461679671058,4.724732736667416,2.8426026258571477
J390.A,-8.760247430439106,-11.456287778723057,-4.055465871149551,-13.344958386864034,-11.154564507555424,-3.973165414600199,-8.499248521968358,-9.595009984462713,-2.1135124224448893
J219.A,17.226189436738153,2.478319700308954,2.466043328096686,6.06153569237194,9.146584135381385,1.825421771649658,-2.1744884323508322,5.679382251409425,-1.821976243133005
J625.B,-7.395959494912302,-9.51192394443952,-2.8132736427216973,-9.098708185354557,-2.776312686660867,-2.1420326189423493,-5.241997075815339,-3.230679886182653,-3.862729498316197
J640.C,-15.776585384576965,-11.456287778723057,-3.434369756935624,-20.034686884804252,-14.69920950870312,-4.278354213876507,-12.76846158246018,-10.867876004118726,-2.6965847810686583
J379.A,-4.017722702179258,-8.863802666345007,-3.1238216998286608,-3.640140988443711,-8.576640870357101,-3.057599016771273,1.6203676214196778,-7.049277945150691,-2.9881209603805425
J643.A,-16.003966707164768,-9.51192394443952,-3.7449178140425876,-17.792214515072178,-9.22112177965668,-5.193920611705432,-22.729958723607776,-10.549659499204722,-6.486555112123158
J534.A,-11.066543702401091,2.8023803393562114,0.29220692834794104,0.003091432969732429,6.24642004353327,3.351365768031201,0.9878916124579237,4.406516231753415,0.8018493706739572
J376.C,-9.312459213866623,-13.076590973959338,-2.813273642721696,-3.7657696926303865,-7.287679051757938,-0.6160886225608065,-4.388154463716972,-15.004690568000765,-2.6965847810686596
J597.B,8.06597044105817,5.718926090781518,3.7082355565245395,10.869974345116754,2.7017750423855738,0.9098553738207342,8.893841724479813,2.1790006973553964,1.384921729297726
J326.B,17.09625725240226,20.94977612600255,7.12426418470114,-6.246936600317131,26.86980914111987,0.29947777526811925,10.475031746884198,26.045238565905617,5.757964418975995
J008.A,17.226189436738153,7.339229286017795,2.7765913852036506,15.926529688630257,15.591393228377196,2.1306105709259664,11.42374576032683,15.862310408657521,-0.3642953465735802
J527.C,-12.106001177088174,-7.567560110155981,-4.366013928256515,-5.618793079383779,-10.510083598255845,-3.973165414600199,-11.440261963640502,-14.68647406308676,-5.32041039487562
J311.A,24.56735785171572,7.015168646970538,3.7082355565245395,12.503147499543475,5.279698679583895,1.215044173097043,18.6339722624908,6.315815261237436,4.3002835224165725
J001.A,17.19370639065418,4.422683534592494,8.987552527342922,19.695390814230382,-0.5206295041123369,5.487687362965361,26.603169975408868,-1.6395973616126376,3.717211163792801
J471.B,-13.632704343034838,0.5339558660254194,-2.8132736427216973,-11.648970880343976,1.0905727691366185,-2.447221418218658,-9.036853129585849,-2.2760303714406485,-3.862729498316197
J406.A,-25.553982255852407,-10.808166500628545,-6.229302270898297,-15.32046976019943,-5.998717233158773,-2.7524102174949645,-7.550534508525735,-5.139978915666674,-2.6965847810686583
J427.A,-9.377425306034569,11.227956954584869,1.8449472138827592,-6.1464336369677985,-5.354236323859193,-0.31089982328449794,-10.459924149749785,-7.367494450064696,-0.6171395129709151
J465.C,12.32124947805845,11.227956954584869,4.639879727845431,-1.5986745454103177,4.957458224934104,1.5202329723733514,12.37245977376946,7.906897785807447,2.2595302672333792
J018.B,2.511369560699035,0.8580165050726717,0.2922069283479389,16.366230153283606,4.6352177702843145,4.8773097644127414,15.376720816337775,2.4972172022694017,0.21877701205018704
J065.A,15.342172763867806,11.227956954584869,2.7765913852036506,16.80593061793695,5.924179588883475,0.9098553738207342,18.556397326571165,2.229556430369044,1.4775583288688336
J011.B,8.195902625394051,11.227956954584869,1.5343991567757946,19.62001359171838,1.0905727691366185,3.0461769687548923,6.363937688632811,-0.048514837042626005,4.008747343104686
J005.D,14.789960980440275,11.227956954584869,6.192620013380249,15.863715336536915,14.302431409778036,5.79287616224167,10.158793742403322,9.497980310377459,2.5510664465452635
J008.B,18.363096049677164,11.227956954584869,2.1554952709897215,13.570991485130179,2.0572941330859886,0.9098553738207342,2.5690816348623016,2.497217202269398,3.4256749844809167
J540.C,-13.307873882195128,11.227956954584869,-3.7449178140425876,-8.099959987070523,-3.74303405061024,-2.1420326189423493,-10.396676548853614,-7.367494450064693,-2.6965847810686583
J683.E,-18.407712117378665,11.227956954584869,-4.987110042470442,-11.334899119877296,-7.932159961057518,-0.9212774218371151,-21.022273499411046,-7.685710954978698,-3.2796571396924286
J314.A,19.467519616532194,11.227956954584869,10.540292812877743,1.4792287071631158,7.5353818621324296,8.539575355728443,6.20686221008694,3.85755419935017,4.432408525500096
J441.A,4.427869279653356,11.227956954584869,1.8449472138827592,8.38880743743001,8.17986277143201,3.351365768031201,-0.5932984099464542,11.089062834947478,0.8018493706739572
J536.C,-20.908906665844476,11.227956954584869,-6.229302270898297,-14.915317189197413,-5.998717233158773,-1.5316550203897323,-15.456484620547633,-8.958576974634708,-2.988120960380544
J644.C,-13.827602619538672,11.227956954584869,-5.297658099577405,-18.904028547124213,-7.609919506407729,-4.583543013152816,-12.57871877977166,-1.9578138665266431,-1.821976243133005
J386.C,3.096064390210516,5.070804812687003,4.018783613631504,0.07532793787706546,5.924179588883475,0.9098553738207342,0.9878916124579237,2.8154337071833995,1.384921729297726
J387.B,2.2839882381112306,-5.947256914919704,-0.9499853000799148,13.790841717456859,-1.4873508680617071,0.9098553738207342,11.613488563015357,-6.731061440236686,-1.821976243133005
J380.B,-3.3030956883318794,-6.919438832061471,-3.7449178140425876,-1.378824313083638,-6.320957687808566,-4.278354213876507,4.150271657266679,-3.5488963910966587,-2.988120960380544
J412.A,-16.491212398424338,-12.752530334912082,-4.676561985363478,-6.7054813705984815,-6.643198142458358,-3.057599016771273,-7.961643914350868,-3.5488963910966587,-1.821976243133005
J285.B,-13.892568711706614,-3.3547718025416544,-3.1238216998286608,-6.064774979246466,-1.165110413411917,-1.8368438196660408,-8.183010517487482,-5.139978915666674,-3.862729498316197
J626.B,-14.932026186393703,-13.400651613006595,-4.987110042470442,-19.469357715964236,-10.832324052905633,-4.888731812429125,-8.688991324656879,-6.731061440236686,-2.6965847810686596
J329.A,10.697097173859868,17.709169735529994,7.12426418470114,-16.108789878970793,12.691229136529076,3.351365768031201,4.466509661747557,10.452629825119468,3.717211163792801
J470.A,-9.572323582538392,-8.215681388250497,-4.366013928256515,0.7128936116244253,-2.776312686660867,-1.2264662211134236,-0.5300508090502833,-3.86711289601066,-1.5304400638211206
J225.A,12.970910399737882,32.291898492656514,8.67700447023596,14.274512228575537,16.558114592326568,3.0461769687548923,3.549419448753018,14.589444389001507,1.0933855499858416
J585.A,14.172783104844825,2.478319700308954,-1.5710814142938416,9.927759063716728,2.057294133085994,-0.9212774218371151,9.210079728960698,-3.230679886182657,-3.2796571396924286
J591.B,-1.5490111997974214,-4.975074997777934,1.22385109966883,9.864944711623394,-4.709755414559613,0.9098553738207342,3.8024098523377168,-6.412844935322684,0.21877701205018704
J461.B,32.200873681449046,17.709169735529986,7.434812241808104,7.1953347476566405,7.21314140748264,3.0461769687548923,20.1629728542084,8.741547506293552,5.365519113909967
J018.A,2.836200021538746,8.63547184220682,7.745360298915069,-3.200440523790368,3.668496406334944,1.5202329723733492,-5.964164514437601,3.3691548686558326,0.6999661718606076
J482.B,10.76206326602781,11.227956954584869,1.22385109966883,16.80593061793696,3.024015497035364,1.5202329723733514,-12.610342580219745,0.5879181727853809,-3.571193319004313
J018.C,-2.2961212597287606,11.227956954584869,0.9133030425618678,1.3221928269297778,14.624671864427826,3.9617433665838178,6.3955614890809045,13.634794874259498,3.717211163792801
J515.C,-26.46350754620361,-12.10440905681757,-4.987110042470442,-28.162864045681847,-13.41024769010396,-5.193920611705432,-22.729958723607776,-13.413608043430749,-4.154265677628081
J641.A,-20.97387275801242,-16.641258003479155,-6.850398385112225,-19.070486580171554,-15.021449963352913,-5.193920611705432,-18.935102669837264,-14.050041053258756,-3.2796571396924286
J540.A,-15.776585384576965,-1.0863473292108627,-1.881629471400806,-10.832384303130619,-3.4207935959604523,-1.8368438196660408,-11.02915255781536,-0.048514837042626005,-2.4050486017567736
J641.B,-24.514524781165317,-13.724712252053852,-4.987110042470442,-20.945494990157613,-13.41024769010396,-5.193920611705433,-20.737659295378254,-10.867876004118726,-3.862729498316197
J257.A,-18.050398610454973,-11.456287778723057,-6.53985032800526,-11.146456063597295,1.4128132237864086,-3.057599016771273,-12.199233174394605,-1.0031643517846345,-0.9473677051973519
J427.B,-13.502772158698956,-7.243499471108729,-1.5710814142938425,-3.4328536265357115,-6.320957687808568,-1.2264662211134236,-11.661628566777114,-9.276793479548713,-2.9881209603805425
J351.B,-17.14087332010377,-4.002893080636167,-3.7449178140425876,-11.931635464763984,-3.09855314131066,-3.0575990167712743,3.2015576438240556,-4.185329400924665,-4.154265677628081
J355.A,-8.273001739179533,-14.048772891101107,-2.5027255856147326,-10.772710668641949,-9.865602688956264,-3.0575990167712743,-17.03767464295201,-8.958576974634708,-4.737338036251851
J651.B,3.225996574546403,23.5422612383806,4.6398797278454325,5.153868304623239,11.724507772579706,3.351365768031201,-1.1309030175639445,16.498743418485525,1.6764579086096103
J005.A,4.6227675561571795,2.478319700308954,0.6027549854549034,5.279497008809906,3.9907368609847342,2.435799370202275,3.2648052447202267,4.724732736667416,1.9679940879214948
J208.C,14.49761356568454,2.478319700308954,1.8449472138827592,14.104913477923526,2.3795345877357788,1.2150441730970407,14.175016399310453,0.5879181727853772,2.2595302672333792
J250.C,7.7411399802184535,14.468563345057428,9.60864864155685,19.54149565160171,13.013469591178872,14.032973742701992,-10.080438544372736,7.270464775979445,1.0933855499858416
J481.A,3.193513528462428,15.116684623151949,1.5343991567757946,7.289556275796636,17.847076410925734,5.792876162241667,0.03917759901529244,15.544093903743516,1.384921729297726
J610.C,20.86429059814297,14.468563345057428,5.571523899166322,4.623087029434555,5.279698679583895,2.1306105709259664,21.859599908195737,11.089062834947478,3.1341388051690324
J466.D,13.88043569008908,23.866321877427865,3.397687499417575,2.955365981356499,30.73669459691735,3.6565545673075093,-3.123202445793471,22.226640506937574,1.384921729297726
J243.A,-3.692892241339537,7.98735056411231,4.018783613631504,4.337281727409878,17.202595501626146,7.3188201586232084,-21.148768701203398,7.588681280893446,2.2595302672333792
J530.B,-10.546814965057541,-4.002893080636169,-9.645330899074898,-2.478075474717012,-4.38751495990982,-2.447221418218657,-9.76420053989186,-9.27679347954871,-3.5711933190043115
J589.A,-8.467900015683362,-5.623196275872447,-0.6394372429729502,-7.4090021140438385,-10.832324052905633,-0.6160886225608065,-7.70865351076617,-7.685710954978694,-2.4050486017567736
J045.C,-12.07351813100421,-8.863802666345011,-3.434369756935624,-9.167803972657227,-4.709755414559613,-2.447221418218658,-16.721436638471133,-8.3221439648067,-3.571193319004313
J288.B,8.58569917840172,4.422683534592489,4.639879727845431,11.72110881598145,13.335710045828666,6.4032537607942865,8.514356119102773,18.408042447969542,6.632572956911647
J350.C,-10.51433191897357,-5.623196275872447,-2.8132736427216973,-5.826080441291787,-9.22112177965668,-2.7524102174949654,7.312651702075443,-5.458195420580675,-2.9881209603805425
J608.B,-14.18491612646236,-5.947256914919704,-4.676561985363478,-8.699837049561877,-6.643198142458355,-1.8368438196660408,-7.77190111166234,-7.367494450064693,-0.6558315258854676
J396.A,-11.32640807107286,-10.484105861581288,-4.055465871149551,-5.493164375197112,-10.510083598255845,-3.973165414600199,-4.388154463716972,-11.822525518860733,-4.154265677628081
J348.C,-4.147654886515145,-10.484105861581288,-2.813273642721696,-4.833613678217089,-6.643198142458355,-3.973165414600199,-5.653106481640473,-5.458195420580675,-3.2796571396924286
J599.A,-12.138484223172151,-7.567560110155981,-0.3288891858659858,0.7128936116244253,-2.776312686660867,1.5202329723733514,0.5451584061846972,-1.0031643517846345,1.384921729297726
J250.B,14.530096611768512,16.41292717934097,1.22385109966883,-0.31098032749694343,17.524835956275943,1.825421771649658,-0.23566793609472397,17.36993568189351,0.6999661718606076
J384.A,-3.9202735639273363,-0.438226051116353,-0.6394372429729502,-0.8763094963369616,0.12385140518724835,-1.2264662211134236,-5.653106481640473,-2.9124633812686516,-1.2389038845092364
J216.A,21.319053243318567,10.903896315537617,8.055908356022032,-0.4366090316836103,5.924179588883475,-0.6160886225608065,10.791269751365075,9.816196815291464,2.8426026258571477
J240.A,13.295740860577588,4.746744173639746,2.466043328096686,-8.665289155910546,0.4460918598370384,0.2994777752681171,-10.71291455333449,-8.003927459892699,-0.3642953465735832
J321.A,-3.9527566100113116,11.552017593632126,5.2609758420593575,25.285868150537222,13.33571004582866,9.760330552833672,9.210079728960698,9.179763805463454,5.174892060352223
J446.A,2.9011661137066924,10.255775037443097,2.1554952709897215,10.125624272810727,-1.165110413411917,1.2150441730970407,5.731461679671065,8.861547300549455,2.2595302672333792
J344.C,-14.314848310798247,-14.048772891101107,-4.987110042470442,-12.057264168950656,-6.9654385971081485,-3.6679766153238904,-14.824008611585874,-7.685710954978694,-4.73733803625185
J379.B,-19.02488999297412,-13.724712252053852,-5.297658099577405,-18.181663498050856,-11.154564507555424,-6.109487009534358,-12.76846158246018,-8.958576974634708,-2.1135124224448893
J013.C,-0.022308033850752734,14.468563345057428,4.329331670738466,6.535784050676617,12.691229136529087,2.740988169478584,-17.986388656394634,4.724732736667416,-2.4050486017567736
J315.A,28.40035728962437,13.820442066962919,7.12426418470114,-2.9586052682310253,-1.165110413411917,-3.0575990167712743,24.326256343146568,22.544857011851587,8.964862391406722
