"terms","Estimate","Std..Error","t.value","Pr...t..","TRAIT","CROSS","INDEX","MARKER","POS","LOD","CHR","QTL","lowposition","down_marker","highposition","up_marker","QxE","ChrNo","ChrAnnot","Dist"
"(Intercept)",-0.332901799943956,0.141063165382678,-2.3599484602579,0.0426049672429332,"LEN","add",261,"Chr03N_26.099983",62.059842952873,4.29109372838509,"3N","3N@62.06",60.0031862408961,"Chr03N_24.521536",66.0718021313172,"Chr03N_30.30364","Yes",3,"N",6
"(Intercept)",1.59450563155786,0.659780275052016,2.41672219047796,0.0420646671816715,"LEN","add",517,"Chr06N_48.768076",54.1922170033334,3.56052748860799,"6N","6N@54.19",43.7729712066161,"Chr06N_43.871788",62.8226786459632,"Chr06N_51.935176","Yes",6,"N",12
"TMEAN",-0.0946722075370104,0.0386909840810488,-2.44688032071487,0.0401315166168928,"LEN","add",517,"Chr06N_48.768076",54.1922170033334,3.56052748860799,"6N","6N@54.19",43.7729712066161,"Chr06N_43.871788",62.8226786459632,"Chr06N_51.935176","Yes",6,"N",12
"(Intercept)",-1.41184575323131,0.275115456362322,-5.13183000293499,0.000894071032243232,"LEN","add2",261,"Chr03N_26.099983",62.059842952873,4.29109372838509,"3N","3N@62.06",60.0031862408961,"Chr03N_24.521536",66.0718021313172,"Chr03N_30.30364","Yes",3,"N",6
"TMEAN",0.0450802763597748,0.0161333828019121,2.79422343802763,0.0234053690901947,"LEN","add2",261,"Chr03N_26.099983",62.059842952873,4.29109372838509,"3N","3N@62.06",60.0031862408961,"Chr03N_24.521536",66.0718021313172,"Chr03N_30.30364","Yes",3,"N",6
"(Intercept)",-1.11032873102397,0.43813708095561,-2.53420397242401,0.0350254140389497,"LEN","add2",517,"Chr06N_48.768076",54.1922170033334,3.56052748860799,"6N","6N@54.19",43.7729712066161,"Chr06N_43.871788",62.8226786459632,"Chr06N_51.935176","Yes",6,"N",12
"RAIN",0.000832353615104506,0.000469956068818131,1.77113068716774,0.11448862893547,"LEN","add2",517,"Chr06N_48.768076",54.1922170033334,3.56052748860799,"6N","6N@54.19",43.7729712066161,"Chr06N_43.871788",62.8226786459632,"Chr06N_51.935176","Yes",6,"N",12
"(Intercept)",-0.369635177922435,0.101866698406683,-3.62861645369853,0.00549745456524202,"PRM","add",201,"Chr03K_17.77051",38.0031542552573,8.82920606330896,"3K","3K@38",30.0981997693541,"Chr03K_13.323286",41.8470788163825,"Chr03K_20.786505","Yes",3,"K",5
"(Intercept)",-0.650120404114437,0.278097780912833,-2.3377403515428,0.0520177109986683,"PRM","add",367,"Chr05K_7.188103",14.0589051590583,4.89723017786627,"5K","5K@14.06",5.94111712479324,"Chr05K_4.388419",17.8179541661273,"Chr05K_8.204815","Yes",5,"K",9
"TMEAN",0.0521037306381734,0.0126341736301777,4.12403154834912,0.00443706667415876,"PRM","add",367,"Chr05K_7.188103",14.0589051590583,4.89723017786627,"5K","5K@14.06",5.94111712479324,"Chr05K_4.388419",17.8179541661273,"Chr05K_8.204815","Yes",5,"K",9
"RAIN",-0.000849252021808908,0.000268981876160598,-3.15728343459785,0.0159887623693018,"PRM","add",367,"Chr05K_7.188103",14.0589051590583,4.89723017786627,"5K","5K@14.06",5.94111712479324,"Chr05K_4.388419",17.8179541661273,"Chr05K_8.204815","Yes",5,"K",9
"(Intercept)",-1.08341040190581,0.393095591711028,-2.75609908823969,0.0248239008940183,"PRM","add",578,"Chr07N_49.904749",54.064723787743,4.16687733423831,"7N","7N@54.06",52.1014170026254,"Chr07N_49.035214",54.064723787743,"Chr07N_49.904749","Yes",7,"N",14
"TMEAN",0.0478769106399973,0.0230520005770448,2.07690913766822,0.0714576696737125,"PRM","add",578,"Chr07N_49.904749",54.064723787743,4.16687733423831,"7N","7N@54.06",52.1014170026254,"Chr07N_49.035214",54.064723787743,"Chr07N_49.904749","Yes",7,"N",14
"(Intercept)",-0.937450129542418,0.127899408594224,-7.32958924397052,4.42250406355358e-05,"PRM","add2",201,"Chr03K_17.77051",38.0031542552573,8.82920606330896,"3K","3K@38",30.0981997693541,"Chr03K_13.323286",41.8470788163825,"Chr03K_20.786505","Yes",3,"K",5
"(Intercept)",0.162452252893288,0.450784938050909,0.360376399432718,0.729194458478749,"PRM","add2",367,"Chr05K_7.188103",14.0589051590583,4.89723017786627,"5K","5K@14.06",5.94111712479324,"Chr05K_4.388419",17.8179541661273,"Chr05K_8.204815","Yes",5,"K",9
"TMEAN",0.0378803907668687,0.0204794700572934,1.84967631783901,0.106817816951261,"PRM","add2",367,"Chr05K_7.188103",14.0589051590583,4.89723017786627,"5K","5K@14.06",5.94111712479324,"Chr05K_4.388419",17.8179541661273,"Chr05K_8.204815","Yes",5,"K",9
"RAIN",-0.000956254065848561,0.000436008435536127,-2.19320083721024,0.0643738776381756,"PRM","add2",367,"Chr05K_7.188103",14.0589051590583,4.89723017786627,"5K","5K@14.06",5.94111712479324,"Chr05K_4.388419",17.8179541661273,"Chr05K_8.204815","Yes",5,"K",9
"(Intercept)",0.369396457235112,0.147544948645077,2.50361981638359,0.0367342656877297,"PRM","add2",578,"Chr07N_49.904749",54.064723787743,4.16687733423831,"7N","7N@54.06",52.1014170026254,"Chr07N_49.035214",54.064723787743,"Chr07N_49.904749","Yes",7,"N",14
"TMEAN",-0.0330884110990547,0.00865236424174056,-3.82420459594503,0.00505939785194762,"PRM","add2",578,"Chr07N_49.904749",54.064723787743,4.16687733423831,"7N","7N@54.06",52.1014170026254,"Chr07N_49.035214",54.064723787743,"Chr07N_49.904749","Yes",7,"N",14
"(Intercept)",-0.141038255170417,0.0509359499802195,-2.76893343945067,0.0217914773342642,"SEC","add",650,"Chr09K_24.465322",51.9638689269929,10.3666339331015,"9K","9K@51.96",47.8973861561185,"Chr09K_19.959778",56.0733837977527,"Chr09K_28.697896","Yes",9,"K",17
"(Intercept)",0.124146466876284,0.149269245555682,0.83169487736155,0.429705355613328,"SEC","add2",650,"Chr09K_24.465322",51.9638689269929,10.3666339331015,"9K","9K@51.96",47.8973861561185,"Chr09K_19.959778",56.0733837977527,"Chr09K_28.697896","Yes",9,"K",17
"TMEAN",-0.019075908175007,0.00875348085107534,-2.17923686583076,0.0609349009698066,"SEC","add2",650,"Chr09K_24.465322",51.9638689269929,10.3666339331015,"9K","9K@51.96",47.8973861561185,"Chr09K_19.959778",56.0733837977527,"Chr09K_28.697896","Yes",9,"K",17
